-- phpMyAdmin SQL Dump
-- version 4.8.3
-- https://www.phpmyadmin.net/
--
-- Servidor: 127.0.0.1
-- Tiempo de generación: 03-12-2018 a las 22:15:32
-- Versión del servidor: 10.1.36-MariaDB
-- Versión de PHP: 7.2.11

SET SQL_MODE = "NO_AUTO_VALUE_ON_ZERO";
SET AUTOCOMMIT = 0;
START TRANSACTION;
SET time_zone = "+00:00";


/*!40101 SET @OLD_CHARACTER_SET_CLIENT=@@CHARACTER_SET_CLIENT */;
/*!40101 SET @OLD_CHARACTER_SET_RESULTS=@@CHARACTER_SET_RESULTS */;
/*!40101 SET @OLD_COLLATION_CONNECTION=@@COLLATION_CONNECTION */;
/*!40101 SET NAMES utf8mb4 */;

--
-- Base de datos: `prueba`
--

-- --------------------------------------------------------

--
-- Estructura de tabla para la tabla `dim_carrera`
--

CREATE TABLE `dim_carrera` (
  `id` int(11) NOT NULL,
  `codigo` varchar(100) NOT NULL,
  `nombre` varchar(100) NOT NULL,
  `created_date` timestamp NOT NULL DEFAULT CURRENT_TIMESTAMP,
  `updated_date` timestamp NOT NULL DEFAULT CURRENT_TIMESTAMP ON UPDATE CURRENT_TIMESTAMP
) ENGINE=InnoDB DEFAULT CHARSET=latin1;

--
-- Volcado de datos para la tabla `dim_carrera`
--

INSERT INTO `dim_carrera` (`id`, `codigo`, `nombre`, `created_date`, `updated_date`) VALUES
(209, 'COMPUTACION', 'COMPUTACION', '2018-11-27 16:15:57', '2018-11-27 16:15:57'),
(210, 'BIOLOGIA', 'BIOLOGIA', '2018-11-27 16:15:57', '2018-11-27 16:15:57'),
(211, 'QUIMICA', 'QUIMICA', '2018-11-27 16:15:57', '2018-11-27 16:15:57'),
(212, 'FISICA', 'FISICA', '2018-11-27 16:15:57', '2018-11-27 16:15:57'),
(213, 'MATEMATICA', 'MATEMATICA', '2018-11-27 16:15:57', '2018-11-27 16:15:57'),
(214, 'DERECHO', 'DERECHO', '2018-11-27 16:15:57', '2018-11-27 16:15:57'),
(215, 'CIENCIA FISCALES', 'CIENCIA FISCALES', '2018-11-27 16:15:57', '2018-11-27 16:15:57'),
(216, 'ESTUDIOS POLITICOS', 'ESTUDIOS POLITICOS', '2018-11-27 16:15:57', '2018-11-27 16:15:57'),
(217, 'ODONTOLOGIA', 'ODONTOLOGIA', '2018-11-27 16:15:57', '2018-11-27 16:15:57'),
(218, 'INGENIERIA DE TELECOMUNICACIONES', 'INGENIERIA DE TELECOMUNICACIONES', '2018-11-27 16:15:57', '2018-11-27 16:15:57'),
(219, 'INGENIERIA CIVIL', 'INGENIERIA CIVIL', '2018-11-27 16:15:57', '2018-11-27 16:15:57'),
(220, 'INGENIERIA ELECTRICA', 'INGENIERIA ELECTRICA', '2018-11-27 16:15:57', '2018-11-27 16:15:57'),
(221, 'INGENIERIA INDUSTRIAL', 'INGENIERIA INDUSTRIAL', '2018-11-27 16:15:57', '2018-11-27 16:15:57'),
(222, 'INGENIERIA MECANICA', 'INGENIERIA MECANICA', '2018-11-27 16:15:57', '2018-11-27 16:15:57'),
(223, 'INGENIERIA QUIMICA', 'INGENIERIA QUIMICA', '2018-11-27 16:15:57', '2018-11-27 16:15:57'),
(224, 'MEDICINA', 'MEDICINA', '2018-11-27 16:15:57', '2018-11-27 16:15:57'),
(225, 'BIOANALISIS', 'BIOANALISIS', '2018-11-27 16:15:57', '2018-11-27 16:15:57'),
(226, 'ENFERMERIA', 'ENFERMERIA', '2018-11-27 16:15:57', '2018-11-27 16:15:57'),
(227, 'CIENCIAS BIOMEDICAS Y TECNOLOGICAS', 'CIENCIAS BIOMEDICAS Y TECNOLOGICAS', '2018-11-27 16:15:57', '2018-11-27 16:15:57'),
(228, 'SALUD PUBLICA Y DESARROLLO SOCIAL', 'SALUD PUBLICA Y DESARROLLO SOCIAL', '2018-11-27 16:15:57', '2018-11-27 16:15:57'),
(229, 'EDUCACION, MENCION ARTES PLASTICAS', 'EDUCACION, MENCION ARTES PLASTICAS', '2018-11-27 16:15:57', '2018-11-27 16:15:57'),
(230, 'EDUCACION, MENCION BIOLOGIA', 'EDUCACION, MENCION BIOLOGIA', '2018-11-27 16:15:57', '2018-11-27 16:15:57'),
(231, 'EDUCACION, MENCION CIENCIAS SOCIALES', 'EDUCACION, MENCION CIENCIAS SOCIALES', '2018-11-27 16:15:57', '2018-11-27 16:15:57'),
(232, 'EDUCACION fisica, DEPORTES Y RECREACION', 'EDUCACION fisica, DEPORTES Y RECREACION', '2018-11-27 16:15:57', '2018-11-27 16:15:57'),
(233, 'EDUCACION PREESCOLAR', 'EDUCACION PREESCOLAR', '2018-11-27 16:15:57', '2018-11-27 16:15:57'),
(234, 'EDUCACION INTEGRAL', 'EDUCACION INTEGRAL', '2018-11-27 16:15:57', '2018-11-27 16:15:57'),
(235, 'EDUCACION MUSICAL', 'EDUCACION MUSICAL', '2018-11-27 16:15:57', '2018-11-27 16:15:57'),
(236, 'EDUCACION PARA EL TRABAJO', 'EDUCACION PARA EL TRABAJO', '2018-11-27 16:15:57', '2018-11-27 16:15:57'),
(237, 'EDUCACION, MENCION FISICA', 'EDUCACION, MENCION FISICA', '2018-11-27 16:15:57', '2018-11-27 16:15:57'),
(238, 'EDUCACION, MENCION FRANCES', 'EDUCACION, MENCION FRANCES', '2018-11-27 16:15:57', '2018-11-27 16:15:57'),
(239, 'EDUCACION, MENCION INFORMATICA', 'EDUCACION, MENCION INFORMATICA', '2018-11-27 16:15:57', '2018-11-27 16:15:57'),
(240, 'EDUCACION, MENCION INGLES', 'EDUCACION, MENCION INGLES', '2018-11-27 16:15:57', '2018-11-27 16:15:57'),
(241, 'EDUCACION, MENCION LENGUA Y LITERATURA', 'EDUCACION, MENCION LENGUA Y LITERATURA', '2018-11-27 16:15:57', '2018-11-27 16:15:57'),
(242, 'EDUCACION, MENCION MATEMATICA', 'EDUCACION, MENCION MATEMATICA', '2018-11-27 16:15:57', '2018-11-27 16:15:57'),
(243, 'EDUCACION, MENCION ORIENTACION', 'EDUCACION, MENCION ORIENTACION', '2018-11-27 16:15:57', '2018-11-27 16:15:57'),
(244, 'EDUCACION, MENCION QUIMICA', 'EDUCACION, MENCION QUIMICA', '2018-11-27 16:15:57', '2018-11-27 16:15:57'),
(245, 'ECONOMIA', 'ECONOMIA', '2018-11-27 16:15:57', '2018-11-27 16:15:57'),
(246, 'ADMINISTRACION COMERCIAL', 'ADMINISTRACION COMERCIAL', '2018-11-27 16:15:57', '2018-11-27 16:15:57'),
(247, 'CONTADURIA PUBLICA', 'CONTADURIA PUBLICA', '2018-11-27 16:15:57', '2018-11-27 16:15:57'),
(248, 'RELACIONES INDUSTRIALES', 'RELACIONES INDUSTRIALES', '2018-11-27 16:15:57', '2018-11-27 16:15:57'),
(249, 'MAESTRiA EN MATEMATICAS APLICADAS', 'MAESTRiA EN MATEMATICAS APLICADAS', '2018-11-27 16:15:57', '2018-11-27 16:15:57'),
(250, 'DOCTORADO EN QUIMICA TECNOLOGICA', 'DOCTORADO EN QUIMICA TECNOLOGICA', '2018-11-27 16:15:57', '2018-11-27 16:15:57'),
(251, 'ESPECIALIZACION EN DESARROLLO DE SOFTWARE', 'ESPECIALIZACION EN DESARROLLO DE SOFTWARE', '2018-11-27 16:15:57', '2018-11-27 16:15:57'),
(252, 'CRIMINOLOGICAS', 'CRIMINOLOGICAS', '2018-11-27 16:15:57', '2018-11-27 16:15:57'),
(253, 'MAESTRIA EN CIENCIAS POLITICAS Y ADMINISTRACION PUBLICA', 'MAESTRIA EN CIENCIAS POLITICAS Y ADMINISTRACION PUBLICA', '2018-11-27 16:15:57', '2018-11-27 16:15:57'),
(254, 'ESPECIALIZACION EN DERECHO PENAL', 'ESPECIALIZACION EN DERECHO PENAL', '2018-11-27 16:15:57', '2018-11-27 16:15:57'),
(255, 'ESPECIALIZACION EN GERENCIA PUBLICA', 'ESPECIALIZACION EN GERENCIA PUBLICA', '2018-11-27 16:15:57', '2018-11-27 16:15:57'),
(256, 'ESPECIALIZACION EN CRIMINALISTICA', 'ESPECIALIZACION EN CRIMINALISTICA', '2018-11-27 16:15:57', '2018-11-27 16:15:57'),
(257, 'ESPECIALIZACION EN DERECHO MERCANTIL', 'ESPECIALIZACION EN DERECHO MERCANTIL', '2018-11-27 16:15:57', '2018-11-27 16:15:57'),
(258, 'IDIOMAS', 'IDIOMAS', '2018-11-27 16:15:57', '2018-11-27 16:15:57'),
(259, 'ESPECIALISTA EN CIRUGIA BUCAL Y MAXILOFACIAL', 'ESPECIALISTA EN CIRUGIA BUCAL Y MAXILOFACIAL', '2018-11-27 16:15:57', '2018-11-27 16:15:57'),
(260, 'ESPECIALISTA EN ODONTOPEDIATRIA', 'ESPECIALISTA EN ODONTOPEDIATRIA', '2018-11-27 16:15:57', '2018-11-27 16:15:57'),
(261, 'ESPECIALISTA EN ENDODONCIA', 'ESPECIALISTA EN ENDODONCIA', '2018-11-27 16:15:57', '2018-11-27 16:15:57'),
(262, 'ESPECIALISTA EN ORTOPEDIA DENTOFACIAL Y ORTODONCIA', 'ESPECIALISTA EN ORTOPEDIA DENTOFACIAL Y ORTODONCIA', '2018-11-27 16:15:57', '2018-11-27 16:15:57'),
(263, 'ESPECIALIZACION EN CALIDAD Y PRODUCTIVIDAD', 'ESPECIALIZACION EN CALIDAD Y PRODUCTIVIDAD', '2018-11-27 16:15:57', '2018-11-27 16:15:57'),
(264, 'ESPECIALIZACION EN GERENCIA DE SERVICIOS AUTOMOTRICES', 'ESPECIALIZACION EN GERENCIA DE SERVICIOS AUTOMOTRICES', '2018-11-27 16:15:57', '2018-11-27 16:15:57'),
(265, 'ESPECIALIZACION EN MANTENIMIENTO INDUSTRIAL', 'ESPECIALIZACION EN MANTENIMIENTO INDUSTRIAL', '2018-11-27 16:15:57', '2018-11-27 16:15:57'),
(266, 'ESPECIALIZACION EN SISTEMAS TERMICOS', 'ESPECIALIZACION EN SISTEMAS TERMICOS', '2018-11-27 16:15:57', '2018-11-27 16:15:57'),
(267, 'MAESTRIA EN INGENIERIA INDUSTRIAL', 'MAESTRIA EN INGENIERIA INDUSTRIAL', '2018-11-27 16:15:57', '2018-11-27 16:15:57'),
(268, 'MAESTRIA EN INGENIERIA ELECTRICA', 'MAESTRIA EN INGENIERIA ELECTRICA', '2018-11-27 16:15:57', '2018-11-27 16:15:57'),
(269, 'MAESTRIA EN INGENIERIA MECANICA', 'MAESTRIA EN INGENIERIA MECANICA', '2018-11-27 16:15:57', '2018-11-27 16:15:57'),
(270, 'MAESTRIA EN INGENIERIA PROCESOS', 'MAESTRIA EN INGENIERIA PROCESOS', '2018-11-27 16:15:57', '2018-11-27 16:15:57'),
(271, 'MAESTRIA EN INGENIERIA AMBIENTAL', 'MAESTRIA EN INGENIERIA AMBIENTAL', '2018-11-27 16:15:57', '2018-11-27 16:15:57'),
(272, 'MAESTRIA EN INGENIERIA EN MATEMATICA Y COMPUTACION', 'MAESTRIA EN INGENIERIA EN MATEMATICA Y COMPUTACION', '2018-11-27 16:15:57', '2018-11-27 16:15:57'),
(273, 'MAESTRIA EN INGENIERIA EN GERENCIA DE CONSTRUCCION', 'MAESTRIA EN INGENIERIA EN GERENCIA DE CONSTRUCCION', '2018-11-27 16:15:57', '2018-11-27 16:15:57'),
(274, 'DOCTORADO EN INGENIERIA AREA AMBIENTE', 'DOCTORADO EN INGENIERIA AREA AMBIENTE', '2018-11-27 16:15:57', '2018-11-27 16:15:57'),
(275, 'DOCTORADO EN INGENIERIA AREA BIOINGENIERIA', 'DOCTORADO EN INGENIERIA AREA BIOINGENIERIA', '2018-11-27 16:15:57', '2018-11-27 16:15:57'),
(276, 'DOCTORADO EN INGENIERIA AREA ELECTRICA', 'DOCTORADO EN INGENIERIA AREA ELECTRICA', '2018-11-27 16:15:57', '2018-11-27 16:15:57'),
(277, 'DOCTORADO EN INGENIERIA AREA QUIMICA', 'DOCTORADO EN INGENIERIA AREA QUIMICA', '2018-11-27 16:15:57', '2018-11-27 16:15:57'),
(278, 'DOCTORADO EN INGENIERIA AREA COMPUTO APLICADO', 'DOCTORADO EN INGENIERIA AREA COMPUTO APLICADO', '2018-11-27 16:15:57', '2018-11-27 16:15:57'),
(279, 'ENFERMERIA EN CUIDADO CRITICO DEL ADULTO', 'ENFERMERIA EN CUIDADO CRITICO DEL ADULTO', '2018-11-27 16:15:57', '2018-11-27 16:15:57'),
(280, 'ENFERMERIA EN GERIATRIA Y GERONTOLOGIA', 'ENFERMERIA EN GERIATRIA Y GERONTOLOGIA', '2018-11-27 16:15:57', '2018-11-27 16:15:57'),
(281, 'ENFERMERIA EN SALUD REPRODUCTIVA', 'ENFERMERIA EN SALUD REPRODUCTIVA', '2018-11-27 16:15:57', '2018-11-27 16:15:57'),
(282, 'ESPECIALIZACION EN DOCENCIA PARA LA EDUCACION SUPERIOR', 'ESPECIALIZACION EN DOCENCIA PARA LA EDUCACION SUPERIOR', '2018-11-27 16:15:57', '2018-11-27 16:15:57'),
(283, 'ESPECIALIZACION EN TECNOLOGIA DE LA EDUCACION', 'ESPECIALIZACION EN TECNOLOGIA DE LA EDUCACION', '2018-11-27 16:15:57', '2018-11-27 16:15:57'),
(284, 'ESPECIALIZACION EN ENSEÃ‘ANZA EN LA GEOGRAFIA NACIONAL', 'ESPECIALIZACION EN ENSEÃ‘ANZA EN LA GEOGRAFIA NACIONAL', '2018-11-27 16:15:57', '2018-11-27 16:15:57'),
(285, 'ESPECIALIZACION EN DINAMICA DE GRUPO', 'ESPECIALIZACION EN DINAMICA DE GRUPO', '2018-11-27 16:15:57', '2018-11-27 16:15:57'),
(286, 'ESPECIALIZACION EN LA ENSEÃ‘ANZA DEL INGLES COMO LENGUA EXTRANJERA', 'ESPECIALIZACION EN LA ENSEÃ‘ANZA DEL INGLES COMO LENGUA EXTRANJERA', '2018-11-27 16:15:57', '2018-11-27 16:15:57'),
(287, 'ESPECIALIZACION EN Gerencia Tributaria', 'ESPECIALIZACION EN Gerencia Tributaria', '2018-11-27 16:15:57', '2018-11-27 16:15:57'),
(288, 'ESPECIALIZACION EN MERCADEO', 'ESPECIALIZACION EN MERCADEO', '2018-11-27 16:15:57', '2018-11-27 16:15:57'),
(289, 'ESPECIALIZACION EN PROTECCION INDUSTRIAL', 'ESPECIALIZACION EN PROTECCION INDUSTRIAL', '2018-11-27 16:15:57', '2018-11-27 16:15:57'),
(290, 'ESPECIALIZACION EN GERENCIA DE CALIDAD Y PRODUCTIVIDAD', 'ESPECIALIZACION EN GERENCIA DE CALIDAD Y PRODUCTIVIDAD', '2018-11-27 16:15:57', '2018-11-27 16:15:57'),
(291, 'ESPECIALIZACION EN GERENCIA DE RECURSOS HUMANOS', 'ESPECIALIZACION EN GERENCIA DE RECURSOS HUMANOS', '2018-11-27 16:15:57', '2018-11-27 16:15:57');

-- --------------------------------------------------------

--
-- Estructura de tabla para la tabla `dim_certificacion`
--

CREATE TABLE `dim_certificacion` (
  `id` int(11) NOT NULL,
  `codigo` varchar(100) NOT NULL,
  `nombre_certificacion` varchar(100) NOT NULL,
  `descripcion` varchar(500) NOT NULL,
  `url_certificacion` varchar(300) NOT NULL,
  `fecha_creacion` timestamp NOT NULL DEFAULT CURRENT_TIMESTAMP,
  `fecha_actualizacion` timestamp NOT NULL DEFAULT CURRENT_TIMESTAMP ON UPDATE CURRENT_TIMESTAMP
) ENGINE=InnoDB DEFAULT CHARSET=latin1;

--
-- Volcado de datos para la tabla `dim_certificacion`
--

INSERT INTO `dim_certificacion` (`id`, `codigo`, `nombre_certificacion`, `descripcion`, `url_certificacion`, `fecha_creacion`, `fecha_actualizacion`) VALUES
(31, '1', 'Certificacion1', 'descripcion', 'url xxx', '2018-10-29 23:42:32', '2018-10-29 23:42:32'),
(32, '2', 'Certificacion2', 'descripcion', 'url xxx', '2018-10-29 23:42:32', '2018-10-29 23:42:32'),
(33, '3', 'Certificacion3', 'descripcion', 'url certificacion', '2018-10-29 23:42:32', '2018-10-29 23:42:32');

-- --------------------------------------------------------

--
-- Estructura de tabla para la tabla `dim_cursos`
--

CREATE TABLE `dim_cursos` (
  `id` int(11) NOT NULL,
  `codigo` varchar(100) NOT NULL,
  `nombre` varchar(100) NOT NULL,
  `url` varchar(300) NOT NULL,
  `fecha_creacion` timestamp NOT NULL DEFAULT CURRENT_TIMESTAMP,
  `fecha_actualizacion` timestamp NOT NULL DEFAULT CURRENT_TIMESTAMP ON UPDATE CURRENT_TIMESTAMP
) ENGINE=InnoDB DEFAULT CHARSET=latin1;

--
-- Volcado de datos para la tabla `dim_cursos`
--

INSERT INTO `dim_cursos` (`id`, `codigo`, `nombre`, `url`, `fecha_creacion`, `fecha_actualizacion`) VALUES
(26, '1', 'Programación basica', 'http://platzi.com/programacionbasica', '2018-10-29 23:42:32', '2018-10-29 23:42:32'),
(27, '2', 'Curso basico PHP', 'http://platzi.com/wgiovanni/phpbasico', '2018-10-29 23:42:32', '2018-10-29 23:42:32'),
(28, '3', 'Curso Java', 'http://platzi.com/java', '2018-10-29 23:42:32', '2018-10-29 23:42:32'),
(29, '4', 'Curso Angular', 'http://platzi.com/angular', '2018-10-29 23:42:32', '2018-10-29 23:42:32'),
(30, '5', 'Curso basico PHP', 'http://platzi.com/lgomez/phpbasico', '2018-10-29 23:42:32', '2018-10-29 23:42:32');

-- --------------------------------------------------------

--
-- Estructura de tabla para la tabla `dim_discapacidad`
--

CREATE TABLE `dim_discapacidad` (
  `id` int(11) NOT NULL,
  `codigo` varchar(100) NOT NULL,
  `fecha_creacion` timestamp NOT NULL DEFAULT CURRENT_TIMESTAMP,
  `fecha_actualizacion` timestamp NOT NULL DEFAULT CURRENT_TIMESTAMP ON UPDATE CURRENT_TIMESTAMP
) ENGINE=InnoDB DEFAULT CHARSET=latin1;

--
-- Volcado de datos para la tabla `dim_discapacidad`
--

INSERT INTO `dim_discapacidad` (`id`, `codigo`, `fecha_creacion`, `fecha_actualizacion`) VALUES
(3, 'SI POSEO DISCAPACIDAD', '2018-11-27 00:09:16', '2018-11-27 00:09:16'),
(4, 'NO POSEO NINGUNA DISCAPACIDAD', '2018-11-27 00:09:16', '2018-11-27 00:09:16');

-- --------------------------------------------------------

--
-- Estructura de tabla para la tabla `dim_docente`
--

CREATE TABLE `dim_docente` (
  `id` int(11) NOT NULL,
  `cedula` varchar(100) NOT NULL,
  `primer_nombre` varchar(100) NOT NULL,
  `segundo_nombre` varchar(100) NOT NULL,
  `primer_apellido` varchar(100) NOT NULL,
  `segundo_apellido` varchar(100) NOT NULL,
  `correo` varchar(100) NOT NULL,
  `area_de_investigacion` varchar(300) NOT NULL,
  `fecha_creacion` timestamp NOT NULL DEFAULT CURRENT_TIMESTAMP ON UPDATE CURRENT_TIMESTAMP,
  `fecha_actualizacion` timestamp NOT NULL DEFAULT CURRENT_TIMESTAMP ON UPDATE CURRENT_TIMESTAMP
) ENGINE=InnoDB DEFAULT CHARSET=latin1;

--
-- Volcado de datos para la tabla `dim_docente`
--

INSERT INTO `dim_docente` (`id`, `cedula`, `primer_nombre`, `segundo_nombre`, `primer_apellido`, `segundo_apellido`, `correo`, `area_de_investigacion`, `fecha_creacion`, `fecha_actualizacion`) VALUES
(371, '1', 'Daniel', 'Pedro', 'Rosquete', '', 'dhrosquete@uc.edu.ve', 'grafica', '2018-11-28 14:42:41', '2018-11-28 14:42:41'),
(372, '2', 'Kiara', '', 'Ottogalli', '', 'kottogal@uc.edu.ve', 'grafica', '2018-11-28 14:42:41', '2018-11-28 14:42:41'),
(373, '3', 'Dinarle', '', 'Ortega', '', ' dortega@uc.edu.ve', 'grafica', '2018-11-28 14:42:41', '2018-11-28 14:42:41'),
(374, '4', 'Marylin', '', 'Giugni', '', 'mgiugni@uc.edu.ve', 'grafica', '2018-11-28 14:42:41', '2018-11-28 14:42:41'),
(375, '5', 'Amadis', '', 'Martinez', '', 'aamartin@uc.edu.ve', 'grafica', '2018-11-28 14:42:41', '2018-11-28 14:42:41'),
(376, '6', 'Mirella', '', 'Herrera', '', 'mherrera@uc.edu.ve', 'grafica', '2018-11-28 14:42:41', '2018-11-28 14:42:41'),
(377, '7', 'Ana', '', 'Aguilera', '', 'aaguilef@uc.edu.ve', 'grafica', '2018-11-28 14:42:41', '2018-11-28 14:42:41'),
(378, '8', 'Francisca', '', 'Grimon', '', 'fgrimon@uc.edu.ve', 'grafica', '2018-11-28 14:42:41', '2018-11-28 14:42:41'),
(379, '9', 'Pedro', '', 'Grimon', '', 'fgrimon@uc.edu.ve', 'grafica', '2018-11-28 14:42:41', '2018-11-28 14:42:41'),
(380, '10', 'anita', '', 'Grimon', '', 'fgrimon@uc.edu.ve', 'grafica', '2018-11-28 14:42:41', '2018-11-28 14:42:41'),
(381, '121212', 'Daniel', 'Pedro', 'Rosquete', '', 'dhrosquete@uc.edu.ve', 'grafica', '2018-11-28 14:42:41', '2018-11-28 14:42:41'),
(382, '1888', 'Kiara', '', 'Ottogalli', '', 'kottogal@uc.edu.ve', 'grafica', '2018-11-28 14:42:41', '2018-11-28 14:42:41'),
(383, '888', 'Dinarle', '', 'Ortega', '', ' dortega@uc.edu.ve', 'grafica', '2018-11-28 14:42:41', '2018-11-28 14:42:41'),
(384, '1221212', 'Marylin', '', 'Giugni', '', 'mgiugni@uc.edu.ve', 'grafica', '2018-11-28 14:42:41', '2018-11-28 14:42:41'),
(385, '122', 'Amadis', '', 'Martinez', '', 'aamartin@uc.edu.ve', 'grafica', '2018-11-28 14:42:41', '2018-11-28 14:42:41'),
(386, '1122', 'Mirella', '', 'Herrera', '', 'mherrera@uc.edu.ve', 'grafica', '2018-11-28 14:42:41', '2018-11-28 14:42:41'),
(387, '1568', 'Ana', '', 'Aguilera', '', 'aaguilef@uc.edu.ve', 'grafica', '2018-11-28 14:42:41', '2018-11-28 14:42:41'),
(388, '1231313', 'Francisca', '', 'Grimon', '', 'fgrimon@uc.edu.ve', 'grafica', '2018-11-28 14:42:41', '2018-11-28 14:42:41'),
(389, '1231314', 'Pedro', '', 'Grimon', '', 'fgrimon@uc.edu.ve', 'grafica', '2018-11-28 14:42:41', '2018-11-28 14:42:41'),
(390, '1231315', 'anita', '', 'Grimon', '', 'fgrimon@uc.edu.ve', 'grafica', '2018-11-28 14:42:41', '2018-11-28 14:42:41');

-- --------------------------------------------------------

--
-- Estructura de tabla para la tabla `dim_educacion`
--

CREATE TABLE `dim_educacion` (
  `id` int(11) NOT NULL,
  `codigo` varchar(100) NOT NULL,
  `instituto` varchar(100) NOT NULL,
  `campo_estudio` varchar(100) NOT NULL,
  `fecha_creacion` timestamp NOT NULL DEFAULT CURRENT_TIMESTAMP,
  `fecha_actualizacion` timestamp NOT NULL DEFAULT CURRENT_TIMESTAMP ON UPDATE CURRENT_TIMESTAMP,
  `titulo_obtenido` varchar(100) NOT NULL,
  `url_certificacion` varchar(300) NOT NULL
) ENGINE=InnoDB DEFAULT CHARSET=latin1;

--
-- Volcado de datos para la tabla `dim_educacion`
--

INSERT INTO `dim_educacion` (`id`, `codigo`, `instituto`, `campo_estudio`, `fecha_creacion`, `fecha_actualizacion`, `titulo_obtenido`, `url_certificacion`) VALUES
(7, '1', 'Instituto1', 'Campo de Estudio1', '2018-10-29 23:42:32', '2018-10-29 23:42:32', 'Titulo1', 'http://urlcertificacion.com'),
(8, '2', 'Instituto2', 'Campo de Estudio2', '2018-10-29 23:42:33', '2018-10-29 23:42:33', 'Titulo2', 'http://urlcertificacion.com'),
(9, '3', 'Instituto3', 'Campo de Estudio3', '2018-10-29 23:42:33', '2018-10-29 23:42:33', 'Titulo3', 'http://urlcertificacion.com');

-- --------------------------------------------------------

--
-- Estructura de tabla para la tabla `dim_egresado`
--

CREATE TABLE `dim_egresado` (
  `id` int(11) NOT NULL,
  `cedula` varchar(100) NOT NULL,
  `primer_nombre` varchar(100) NOT NULL,
  `segundo_nombre` varchar(100) NOT NULL,
  `primer_apellido` varchar(100) NOT NULL,
  `segundo_apellido` varchar(100) NOT NULL,
  `correo` varchar(100) NOT NULL,
  `telefono` varchar(100) NOT NULL,
  `fecha_creacion` timestamp NOT NULL DEFAULT CURRENT_TIMESTAMP,
  `fecha_actualizacion` timestamp NOT NULL DEFAULT CURRENT_TIMESTAMP ON UPDATE CURRENT_TIMESTAMP
) ENGINE=InnoDB DEFAULT CHARSET=latin1;

--
-- Volcado de datos para la tabla `dim_egresado`
--

INSERT INTO `dim_egresado` (`id`, `cedula`, `primer_nombre`, `segundo_nombre`, `primer_apellido`, `segundo_apellido`, `correo`, `telefono`, `fecha_creacion`, `fecha_actualizacion`) VALUES
(33, '2464987', 'Genessis', 'De Jesus', 'Jimenez', 'Zea', 'gjimenez@gmail,com', '04127658802', '2018-11-28 18:56:47', '2018-11-28 18:56:47'),
(34, '756438457', 'Luis', 'Augusto', 'Gomez', 'No se', 'luisgomez@gmail,com', '04127658802', '2018-11-28 18:56:47', '2018-11-28 18:56:47'),
(35, '146498766', 'Winder', 'Jose', 'Morillo', 'No se', 'wmorillo@gmail,com', '746574323', '2018-11-28 18:56:47', '2018-11-28 18:56:47'),
(36, '22422883', 'Wilkel', 'Alejandro', 'Giovanni', 'Perozo', 'wgiovanni@gmail,com', '746574323', '2018-11-28 18:56:47', '2018-11-28 18:56:47'),
(37, '324234', 'fgdf', 'None', 'Giovanni', 'Perozo', 'wgiovanni@gmail,com', '746574323', '2018-11-28 19:04:01', '2018-11-28 19:04:01');

-- --------------------------------------------------------

--
-- Estructura de tabla para la tabla `dim_escalafon`
--

CREATE TABLE `dim_escalafon` (
  `id` int(11) NOT NULL,
  `nombre` varchar(100) NOT NULL,
  `fecha_creacion` timestamp NOT NULL DEFAULT CURRENT_TIMESTAMP,
  `fecha_actualizacion` timestamp NOT NULL DEFAULT CURRENT_TIMESTAMP ON UPDATE CURRENT_TIMESTAMP
) ENGINE=InnoDB DEFAULT CHARSET=latin1;

--
-- Volcado de datos para la tabla `dim_escalafon`
--

INSERT INTO `dim_escalafon` (`id`, `nombre`, `fecha_creacion`, `fecha_actualizacion`) VALUES
(6, 'Instructor', '2018-10-18 19:08:43', '2018-10-18 19:08:43'),
(7, 'Asistente', '2018-10-18 19:08:43', '2018-10-18 19:08:43'),
(8, 'Agregado', '2018-10-18 19:08:43', '2018-10-18 19:08:43'),
(9, 'Asociado', '2018-10-18 19:08:43', '2018-10-18 19:08:43'),
(10, 'Titular', '2018-10-18 19:08:43', '2018-10-18 19:08:43');

-- --------------------------------------------------------

--
-- Estructura de tabla para la tabla `dim_estudiante`
--

CREATE TABLE `dim_estudiante` (
  `id` int(11) NOT NULL,
  `cedula` varchar(100) NOT NULL,
  `nombre` varchar(100) NOT NULL,
  `apellido` varchar(100) NOT NULL,
  `fecha_nacimiento` date NOT NULL,
  `telefono1` varchar(100) NOT NULL,
  `telefono2` varchar(100) NOT NULL,
  `email` varchar(100) NOT NULL,
  `edo_procedencia` varchar(100) NOT NULL,
  `created_date` timestamp NOT NULL DEFAULT CURRENT_TIMESTAMP,
  `updated_date` timestamp NOT NULL DEFAULT CURRENT_TIMESTAMP ON UPDATE CURRENT_TIMESTAMP
) ENGINE=InnoDB DEFAULT CHARSET=latin1;

--
-- Volcado de datos para la tabla `dim_estudiante`
--

INSERT INTO `dim_estudiante` (`id`, `cedula`, `nombre`, `apellido`, `fecha_nacimiento`, `telefono1`, `telefono2`, `email`, `edo_procedencia`, `created_date`, `updated_date`) VALUES
(2333, '9080918230', 'FELIX', 'SALAZAR', '1942-12-31', '2418478637', '4265404018', 'FELIXJOSESALAZARRODRIGUEZ@GMAIL.COM', 'CARABOBO', '2018-11-27 23:17:30', '2018-11-27 23:17:30'),
(2334, '36816215129', 'GLENIS', 'SANDOVAL', '1952-12-07', '4244279684', '4244279684', 'SANDOVALGLENIS9@HOTMAIL.COM', 'CARABOBO ESPECI', '2018-11-27 23:17:30', '2018-11-28 17:56:22'),
(2335, '391222615', 'NILSA', 'PINTO', '1951-12-10', '2418663272', '4121341891', 'NILPIN1@GMAIL.COM', 'CARABOBO', '2018-11-27 23:17:30', '2018-11-27 23:17:30'),
(2336, '412919130', 'CARLOS', 'BLANCO', '1954-12-23', '2418174223', '4144362592', 'CARLOSEDUARDOBLANCO17@GMAIL.COM', 'CARABOBO', '2018-11-27 23:17:30', '2018-11-27 23:17:30'),
(2337, '431212942', 'MILAGROS', 'LOPEZ', '1956-04-06', '2418710522', '4168490138', 'MILAGROSCARIDAD@HOTMAIL.COM', 'CARABOBO', '2018-11-27 23:17:30', '2018-11-27 23:17:30'),
(2338, '4457196', 'HENRY', 'RIVERO', '1956-02-05', '2418342945', '4144064996', 'HENRIVER99@HOTMAIL.COM', 'CARABOBO', '2018-11-27 23:17:30', '2018-11-27 23:17:30'),
(2339, '445719712', 'DORIS', 'VILLANUEVA', '1953-11-15', '2432632649', '4124062803', 'DORISMVILLANUEVA@GMAIL.COM', 'CARABOBO', '2018-11-27 23:17:30', '2018-11-27 23:17:30'),
(2340, '265989121', 'FELIX', 'SALAZAR', '1942-12-31', '2418478637', '4265404018', 'FELIXJOSESALAZARRODRIGUEZ@GMAIL.COM', 'CARABOBO', '2018-11-27 23:17:30', '2018-11-27 23:17:30'),
(2341, '265982919', 'FELIX', 'SALAZAR', '1942-12-31', '2418478637', '4265404018', 'SANDOVALGLENIS9@HOTMAIL.COM', 'CARABOBO', '2018-11-27 23:17:30', '2018-11-27 23:17:30'),
(2342, '3681651019', 'GLENIS', 'SANDOVAL', '1952-12-07', '4244279684', '4244279684', 'SANDOVALGLENIS9@HOTMAIL.COM', 'CARABOBO', '2018-11-27 23:17:30', '2018-11-27 23:17:30'),
(2343, '3922611125', 'NILSA', 'PINTO', '1951-12-10', '2418663272', '4121341891', 'NILPIN1@GMAIL.COM', 'CARABOBO', '2018-11-27 23:17:30', '2018-11-27 23:17:30'),
(2344, '12312434', 'CARLOS', 'BLANCO', '1954-12-23', '2418174223', '4144362592', 'CARLOSEDUARDOBLANCO17@GMAIL.COM', 'CARABOBO', '2018-11-27 23:17:30', '2018-11-27 23:17:30'),
(2345, '43129441652', 'MILAGROS', 'LOPEZ', '1956-04-06', '2418710522', '4168490138', 'MILAGROSCARIDAD@HOTMAIL.COM', 'CARABOBO', '2018-11-27 23:17:30', '2018-11-27 23:17:30'),
(2346, '4457106596', 'HENRY', 'RIVERO', '1956-02-05', '2418342945', '4144064996', 'HENRIVER99@HOTMAIL.COM', 'CARABOBO', '2018-11-27 23:17:30', '2018-11-27 23:17:30'),
(2347, '21376', 'DORIS', 'VILLANUEVA', '1953-11-15', '2432632649', '4124062803', 'DORISMVILLANUEVA@GMAIL.COM', 'CARABOBO', '2018-11-27 23:17:30', '2018-11-27 23:17:30'),
(2348, '2659101899', 'FELIX', 'SALAZAR', '1942-12-31', '2418478637', '4265404018', 'FELIXJOSESALAZARRODRIGUEZ@GMAIL.COM', 'CARABOBO', '2018-11-27 23:17:30', '2018-11-27 23:17:30'),
(2349, '12', 'FELIX', 'SALAZAR', '1942-12-31', '2418478637', '4265404018', 'FELIXJOSESALAZARRODRIGUEZ@GMAIL.COM', 'CARABOBO', '2018-11-27 23:17:30', '2018-11-27 23:17:30'),
(2350, '112323', 'GLENIS', 'SANDOVAL', '1952-12-07', '4244279684', '4244279684', 'SANDOVALGLENIS9@HOTMAIL.COM', 'CARABOBO', '2018-11-27 23:17:30', '2018-11-27 23:17:30'),
(2351, '13423444', 'NILSA', 'PINTO', '1951-12-10', '2418663272', '4121341891', 'NILPIN1@GMAIL.COM', 'CARABOBO', '2018-11-27 23:17:30', '2018-11-27 23:17:30'),
(2352, '2342357425', 'CARLOS', 'BLANCO', '1954-12-23', '2418174223', '4144362592', 'CARLOSEDUARDOBLANCO17@GMAIL.COM', 'CARABOBO', '2018-11-27 23:17:30', '2018-11-27 23:17:30'),
(2353, '42521245', 'MILAGROS', 'LOPEZ', '1956-04-06', '2418710522', '4168490138', 'MILAGROSCARIDAD@HOTMAIL.COM', 'CARABOBO', '2018-11-27 23:17:30', '2018-11-27 23:17:30'),
(2354, '221345', 'HENRY', 'RIVERO', '1956-02-05', '2418342945', '4144064996', 'HENRIVER99@HOTMAIL.COM', 'CARABOBO', '2018-11-27 23:17:30', '2018-11-27 23:17:30'),
(2355, '232445245', 'DORIS', 'VILLANUEVA', '1953-11-15', '2432632649', '4124062803', 'DORISMVILLANUEVA@GMAIL.COM', 'CARABOBO', '2018-11-27 23:17:30', '2018-11-27 23:17:30'),
(2356, '12312123', 'FELIX', 'SALAZAR', '1942-12-31', '2418478637', '4265404018', 'FELIXJOSESALAZARRODRIGUEZ@GMAIL.COM', 'CARABOBO', '2018-11-27 23:17:30', '2018-11-27 23:17:30'),
(2357, '2342', 'FELIX', 'SALAZAR', '1942-12-31', '2418478637', '4265404018', 'FELIXJOSESALAZARRODRIGUEZ@GMAIL.COM', 'CARABOBO', '2018-11-27 23:17:30', '2018-11-27 23:17:30'),
(2358, '24323768954', 'GLENIS', 'SANDOVAL', '1952-12-07', '4244279684', '4244279684', 'SANDOVALGLENIS9@HOTMAIL.COM', 'CARABOBO', '2018-11-27 23:17:30', '2018-11-27 23:17:30'),
(2359, '2452894542', 'NILSA', 'PINTO', '1951-12-10', '2418663272', '4121341891', 'NILPIN1@GMAIL.COM', 'CARABOBO', '2018-11-27 23:17:30', '2018-11-27 23:17:30'),
(2360, '787', 'CARLOS', 'BLANCO', '1954-12-23', '2418174223', '4144362592', 'CARLOSEDUARDOBLANCO17@GMAIL.COM', 'CARABOBO', '2018-11-27 23:17:30', '2018-11-27 23:17:30'),
(2361, '2452745', 'MILAGROS', 'LOPEZ', '1956-04-06', '2418710522', '4168490138', 'MILAGROSCARIDAD@HOTMAIL.COM', 'CARABOBO', '2018-11-27 23:17:30', '2018-11-27 23:17:30'),
(2362, '445719612', 'HENRY', 'RIVERO', '1956-02-05', '2418342945', '4144064996', 'HENRIVER99@HOTMAIL.COM', 'CARABOBO', '2018-11-27 23:17:30', '2018-11-27 23:17:30'),
(2363, '4564564', 'MILAGROS', 'LOPEZ', '1956-04-06', '2418710522', '4168490138', 'MILAGROSCARIDAD@HOTMAIL.COM', 'CARABOBO', '2018-11-27 23:17:30', '2018-11-27 23:17:30'),
(2364, '127313', 'DORIS', 'VILLANUEVA', '1953-11-15', '2432632649', '4124062803', 'DORISMVILLANUEVA@GMAIL.COM', 'CARABOBO', '2018-11-27 23:17:30', '2018-11-27 23:17:30'),
(2365, '234678535', 'FELIX', 'SALAZAR', '1942-12-31', '2418478637', '4265404018', 'FELIXJOSESALAZARRODRIGUEZ@GMAIL.COM', 'CARABOBO', '2018-11-27 23:17:30', '2018-11-27 23:17:30'),
(2366, '3565456', 'FELIX', 'SALAZAR', '1942-12-31', '2418478637', '4265404018', 'FELIXJOSESALAZARRODRIGUEZ@GMAIL.COM', 'CARABOBO', '2018-11-27 23:17:30', '2018-11-27 23:17:30'),
(2367, '46756467', 'GLENIS', 'SANDOVAL', '1952-12-07', '4244279684', '4244279684', 'SANDOVALGLENIS9@HOTMAIL.COM', 'CARABOBO', '2018-11-27 23:17:30', '2018-11-27 23:17:30'),
(2368, '58567', 'NILSA', 'PINTO', '1951-12-10', '2418663272', '4121341891', 'NILPIN1@GMAIL.COM', 'CARABOBO', '2018-11-27 23:17:30', '2018-11-27 23:17:30'),
(2369, '5673156', 'CARLOS', 'BLANCO', '1954-12-23', '2418174223', '4144362592', 'CARLOSEDUARDOBLANCO17@GMAIL.COM', 'CARABOBO', '2018-11-27 23:17:30', '2018-11-27 23:17:30'),
(2370, '5674567', 'MILAGROS', 'LOPEZ', '1956-04-06', '2418710522', '4168490138', 'MILAGROSCARIDAD@HOTMAIL.COM', 'CARABOBO', '2018-11-27 23:17:30', '2018-11-27 23:17:30'),
(2371, '56756137', 'HENRY', 'RIVERO', '1956-02-05', '2418342945', '4144064996', 'HENRIVER99@HOTMAIL.COM', 'CARABOBO', '2018-11-27 23:17:30', '2018-11-27 23:17:30'),
(2372, '567516', 'DORIS', 'VILLANUEVA', '1953-11-15', '2432632649', '4124062803', 'DORISMVILLANUEVA@GMAIL.COM', 'CARABOBO', '2018-11-27 23:17:30', '2018-11-27 23:17:30'),
(2373, '12126831', 'FELIX', 'SALAZAR', '1942-12-31', '2418478637', '4265404018', 'FELIXJOSESALAZARRODRIGUEZ@GMAIL.COM', 'CARABOBO', '2018-11-27 23:17:30', '2018-11-27 23:17:30'),
(2374, '454', 'FELIX', 'SALAZAR', '1942-12-31', '2418478637', '4265404018', 'FELIXJOSESALAZARRODRIGUEZ@GMAIL.COM', 'CARABOBO', '2018-11-27 23:17:30', '2018-11-27 23:17:30'),
(2375, '45645765', 'GLENIS', 'SANDOVAL', '1952-12-07', '4244279684', '4244279684', 'SANDOVALGLENIS9@HOTMAIL.COM', 'CARABOBO', '2018-11-27 23:17:30', '2018-11-27 23:17:30'),
(2376, '75675617', 'NILSA', 'PINTO', '1951-12-10', '2418663272', '4121341891', 'NILPIN1@GMAIL.COM', 'CARABOBO', '2018-11-27 23:17:30', '2018-11-27 23:17:30'),
(2377, '56751267', 'CARLOS', 'BLANCO', '1954-12-23', '2418174223', '4144362592', 'CARLOSEDUARDOBLANCO17@GMAIL.COM', 'CARABOBO', '2018-11-27 23:17:30', '2018-11-27 23:17:30'),
(2378, '3634636', 'MILAGROS', 'LOPEZ', '1956-04-06', '2418710522', '4168490138', 'MILAGROSCARIDAD@HOTMAIL.COM', 'CARABOBO', '2018-11-27 23:17:30', '2018-11-27 23:17:30'),
(2379, '3564675356', 'HENRY', 'RIVERO', '1956-02-05', '2418342945', '4144064996', 'HENRIVER99@HOTMAIL.COM', 'CARABOBO', '2018-11-27 23:17:30', '2018-11-27 23:17:30'),
(2380, '4645764', 'DORIS', 'VILLANUEVA', '1953-11-15', '2432632649', '4124062803', 'DORISMVILLANUEVA@GMAIL.COM', 'CARABOBO', '2018-11-27 23:17:30', '2018-11-27 23:17:30'),
(2381, '12312324', 'FELIX', 'SALAZAR', '1942-12-31', '2418478637', '4265404018', 'FELIXJOSESALAZARRODRIGUEZ@GMAIL.COM', 'CARABOBO', '2018-11-27 23:17:30', '2018-11-27 23:17:30'),
(2382, '2342345', 'FELIX', 'SALAZAR', '1942-12-31', '2418478637', '4265404018', 'FELIXJOSESALAZARRODRIGUEZ@GMAIL.COM', 'CARABOBO', '2018-11-27 23:17:30', '2018-11-27 23:17:30'),
(2383, '325452', 'GLENIS', 'SANDOVAL', '1952-12-07', '4244279684', '4244279684', 'SANDOVALGLENIS9@HOTMAIL.COM', 'CARABOBO', '2018-11-27 23:17:30', '2018-11-27 23:17:30'),
(2384, '3453453', 'NILSA', 'PINTO', '1951-12-10', '2418663272', '4121341891', 'NILPIN1@GMAIL.COM', 'CARABOBO', '2018-11-27 23:17:30', '2018-11-27 23:17:30'),
(2385, '34534653456', 'CARLOS', 'BLANCO', '1954-12-23', '2418174223', '4144362592', 'CARLOSEDUARDOBLANCO17@GMAIL.COM', 'CARABOBO', '2018-11-27 23:17:30', '2018-11-27 23:17:30'),
(2386, '3465346', 'MILAGROS', 'LOPEZ', '1956-04-06', '2418710522', '4168490138', 'MILAGROSCARIDAD@HOTMAIL.COM', 'CARABOBO', '2018-11-27 23:17:30', '2018-11-27 23:17:30'),
(2387, '4363463', 'HENRY', 'RIVERO', '1956-02-05', '2418342945', '4144064996', 'HENRIVER99@HOTMAIL.COM', 'CARABOBO', '2018-11-27 23:17:30', '2018-11-27 23:17:30'),
(2388, '4564456', 'DORIS', 'VILLANUEVA', '1953-11-15', '2432632649', '4124062803', 'DORISMVILLANUEVA@GMAIL.COM', 'CARABOBO', '2018-11-27 23:17:30', '2018-11-27 23:17:30'),
(2389, '19123123', 'FELIX', 'SALAZAR', '1942-12-31', '2418478637', '4265404018', 'FELIXJOSESALAZARRODRIGUEZ@GMAIL.COM', 'CARABOBO', '2018-11-27 23:17:30', '2018-11-27 23:17:30'),
(2390, '234235', 'FELIX', 'SALAZAR', '1942-12-31', '2418478637', '4265404018', 'FELIXJOSESALAZARRODRIGUEZ@GMAIL.COM', 'CARABOBO', '2018-11-27 23:17:30', '2018-11-27 23:17:30'),
(2391, '345346', 'GLENIS', 'SANDOVAL', '1952-12-07', '4244279684', '4244279684', 'SANDOVALGLENIS9@HOTMAIL.COM', 'CARABOBO', '2018-11-27 23:17:30', '2018-11-27 23:17:30'),
(2392, '53645645', 'NILSA', 'PINTO', '1951-12-10', '2418663272', '4121341891', 'NILPIN1@GMAIL.COM', 'CARABOBO', '2018-11-27 23:17:30', '2018-11-27 23:17:30'),
(2393, '467454', 'CARLOS', 'BLANCO', '1954-12-23', '2418174223', '4144362592', 'CARLOSEDUARDOBLANCO17@GMAIL.COM', 'CARABOBO', '2018-11-27 23:17:30', '2018-11-27 23:17:30'),
(2394, '34634', 'HENRY', 'RIVERO', '1956-02-05', '2418342945', '4144064996', 'HENRIVER99@HOTMAIL.COM', 'CARABOBO', '2018-11-27 23:17:30', '2018-11-27 23:17:30'),
(2395, '2375543', 'DORIS', 'VILLANUEVA', '1953-11-15', '2432632649', '4124062803', 'DORISMVILLANUEVA@GMAIL.COM', 'CARABOBO', '2018-11-27 23:17:30', '2018-11-27 23:17:30'),
(2396, '123123123', 'FELIX', 'SALAZAR', '1942-12-31', '2418478637', '4265404018', 'FELIXJOSESALAZARRODRIGUEZ@GMAIL.COM', 'CARABOBO', '2018-11-27 23:17:30', '2018-11-27 23:17:30'),
(2397, '31424535436', 'FELIX', 'SALAZAR', '1942-12-31', '2418478637', '4265404018', 'FELIXJOSESALAZARRODRIGUEZ@GMAIL.COM', 'CARABOBO', '2018-11-27 23:17:30', '2018-11-27 23:17:30'),
(2398, '456456457', 'GLENIS', 'SANDOVAL', '1952-12-07', '4244279684', '4244279684', 'SANDOVALGLENIS9@HOTMAIL.COM', 'CARABOBO', '2018-11-27 23:17:30', '2018-11-27 23:17:30'),
(2399, '476567567', 'NILSA', 'PINTO', '1951-12-10', '2418663272', '4121341891', 'NILPIN1@GMAIL.COM', 'CARABOBO', '2018-11-27 23:17:30', '2018-11-27 23:17:30'),
(2400, '472724', 'CARLOS', 'BLANCO', '1954-12-23', '2418174223', '4144362592', 'CARLOSEDUARDOBLANCO17@GMAIL.COM', 'CARABOBO', '2018-11-27 23:17:30', '2018-11-27 23:17:30'),
(2401, '42745724', 'MILAGROS', 'LOPEZ', '1956-04-06', '2418710522', '4168490138', 'MILAGROSCARIDAD@HOTMAIL.COM', 'CARABOBO', '2018-11-27 23:17:30', '2018-11-27 23:17:30'),
(2402, '247247', 'HENRY', 'RIVERO', '1956-02-05', '2418342945', '4144064996', 'HENRIVER99@HOTMAIL.COM', 'CARABOBO', '2018-11-27 23:17:30', '2018-11-27 23:17:30'),
(2403, '72', 'DORIS', 'VILLANUEVA', '1953-11-15', '2432632649', '4124062803', 'DORISMVILLANUEVA@GMAIL.COM', 'CARABOBO', '2018-11-27 23:17:30', '2018-11-27 23:17:30'),
(2404, '1231886523', 'FELIX', 'SALAZAR', '1942-12-31', '2418478637', '4265404018', 'FELIXJOSESALAZARRODRIGUEZ@GMAIL.COM', 'CARABOBO', '2018-11-27 23:17:30', '2018-11-27 23:17:30'),
(2405, '2659849199', 'FELIX', 'SALAZAR', '1942-12-31', '2418478637', '4265404018', 'FELIXJOSESALAZARRODRIGUEZ@GMAIL.COM', 'CARABOBO', '2018-11-27 23:17:30', '2018-11-27 23:17:30'),
(2406, '368112659', 'GLENIS', 'SANDOVAL', '1952-12-07', '4244279684', '4244279684', 'SANDOVALGLENIS9@HOTMAIL.COM', 'CARABOBO', '2018-11-27 23:17:31', '2018-11-27 23:17:31'),
(2407, '392261165', 'NILSA', 'PINTO', '1951-12-10', '2418663272', '4121341891', 'NILPIN1@GMAIL.COM', 'CARABOBO', '2018-11-27 23:17:31', '2018-11-27 23:17:31'),
(2408, '3113213', 'CARLOS', 'BLANCO', '1954-12-23', '2418174223', '4144362592', 'CARLOSEDUARDOBLANCO17@GMAIL.COM', 'CARABOBO', '2018-11-27 23:17:31', '2018-11-27 23:17:31'),
(2409, '431291242', 'MILAGROS', 'LOPEZ', '1956-04-06', '2418710522', '4168490138', 'MILAGROSCARIDAD@HOTMAIL.COM', 'CARABOBO', '2018-11-27 23:17:31', '2018-11-27 23:17:31'),
(2410, '445719136', 'HENRY', 'RIVERO', '1956-02-05', '2418342945', '4144064996', 'HENRIVER99@HOTMAIL.COM', 'CARABOBO', '2018-11-27 23:17:31', '2018-11-27 23:17:31'),
(2411, '445719097', 'DORIS', 'VILLANUEVA', '1953-11-15', '2432632649', '4124062803', 'DORISMVILLANUEVA@GMAIL.COM', 'CARABOBO', '2018-11-27 23:17:31', '2018-11-27 23:17:31'),
(2412, '265129891', 'FELIX', 'SALAZAR', '1942-12-31', '2418478637', '4265404018', 'FELIXJOSESALAZARRODRIGUEZ@GMAIL.COM', 'CARABOBO', '2018-11-27 23:17:31', '2018-11-27 23:17:31'),
(2413, '2659812299', 'FELIX', 'SALAZAR', '1942-12-31', '2418478637', '4265404018', 'FELIXJOSESALAZARRODRIGUEZ@GMAIL.COM', 'CARABOBO', '2018-11-27 23:17:31', '2018-11-27 23:17:31'),
(2414, '3681657819', 'GLENIS', 'SANDOVAL', '1952-12-07', '4244279684', '4244279684', 'SANDOVALGLENIS9@HOTMAIL.COM', 'CARABOBO', '2018-11-27 23:17:31', '2018-11-27 23:17:31'),
(2415, '39226112215', 'NILSA', 'PINTO', '1951-12-10', '2418663272', '4121341891', 'NILPIN1@GMAIL.COM', 'CARABOBO', '2018-11-27 23:17:31', '2018-11-27 23:17:31'),
(2416, '1221334', 'CARLOS', 'BLANCO', '1954-12-23', '2418174223', '4144362592', 'CARLOSEDUARDOBLANCO17@GMAIL.COM', 'CARABOBO', '2018-11-27 23:17:31', '2018-11-27 23:17:31'),
(2417, '43129409452', 'MILAGROS', 'LOPEZ', '1956-04-06', '2418710522', '4168490138', 'MILAGROSCARIDAD@HOTMAIL.COM', 'CARABOBO', '2018-11-27 23:17:31', '2018-11-27 23:17:31'),
(2418, '44571612596', 'HENRY', 'RIVERO', '1956-02-05', '2418342945', '4144064996', 'HENRIVER99@HOTMAIL.COM', 'CARABOBO', '2018-11-27 23:17:31', '2018-11-27 23:17:31'),
(2419, '1234476', 'DORIS', 'VILLANUEVA', '1953-11-15', '2432632649', '4124062803', 'DORISMVILLANUEVA@GMAIL.COM', 'CARABOBO', '2018-11-27 23:17:31', '2018-11-27 23:17:31'),
(2420, '2651291899', 'FELIX', 'SALAZAR', '1942-12-31', '2418478637', '4265404018', 'FELIXJOSESALAZARRODRIGUEZ@GMAIL.COM', 'CARABOBO', '2018-11-27 23:17:31', '2018-11-27 23:17:31'),
(2421, '1243512', 'FELIX', 'SALAZAR', '1942-12-31', '2418478637', '4265404018', 'FELIXJOSESALAZARRODRIGUEZ@GMAIL.COM', 'CARABOBO', '2018-11-27 23:17:31', '2018-11-27 23:17:31'),
(2422, '2134123', 'GLENIS', 'SANDOVAL', '1952-12-07', '4244279684', '4244279684', 'SANDOVALGLENIS9@HOTMAIL.COM', 'CARABOBO', '2018-11-27 23:17:31', '2018-11-27 23:17:31'),
(2423, '13432564', 'NILSA', 'PINTO', '1951-12-10', '2418663272', '4121341891', 'NILPIN1@GMAIL.COM', 'CARABOBO', '2018-11-27 23:17:31', '2018-11-27 23:17:31'),
(2424, '22343425', 'CARLOS', 'BLANCO', '1954-12-23', '2418174223', '4144362592', 'CARLOSEDUARDOBLANCO17@GMAIL.COM', 'CARABOBO', '2018-11-27 23:17:31', '2018-11-27 23:17:31'),
(2425, '425245', 'MILAGROS', 'LOPEZ', '1956-04-06', '2418710522', '4168490138', 'MILAGROSCARIDAD@HOTMAIL.COM', 'CARABOBO', '2018-11-27 23:17:31', '2018-11-27 23:17:31'),
(2426, '245', 'HENRY', 'RIVERO', '1956-02-05', '2418342945', '4144064996', 'HENRIVER99@HOTMAIL.COM', 'CARABOBO', '2018-11-27 23:17:31', '2018-11-27 23:17:31'),
(2427, '245285645', 'DORIS', 'VILLANUEVA', '1953-11-15', '2432632649', '4124062803', 'DORISMVILLANUEVA@GMAIL.COM', 'CARABOBO', '2018-11-27 23:17:31', '2018-11-27 23:17:31'),
(2428, '1231823', 'FELIX', 'SALAZAR', '1942-12-31', '2418478637', '4265404018', 'FELIXJOSESALAZARRODRIGUEZ@GMAIL.COM', 'CARABOBO', '2018-11-27 23:17:31', '2018-11-27 23:17:31'),
(2429, '2', 'FELIX', 'SALAZAR', '1942-12-31', '2418478637', '4265404018', 'FELIXJOSESALAZARRODRIGUEZ@GMAIL.COM', 'CARABOBO', '2018-11-27 23:17:31', '2018-11-27 23:17:31'),
(2430, '2432354', 'GLENIS', 'SANDOVAL', '1952-12-07', '4244279684', '4244279684', 'SANDOVALGLENIS9@HOTMAIL.COM', 'CARABOBO', '2018-11-27 23:17:31', '2018-11-27 23:17:31'),
(2431, '24524542', 'NILSA', 'PINTO', '1951-12-10', '2418663272', '4121341891', 'NILPIN1@GMAIL.COM', 'CARABOBO', '2018-11-27 23:17:31', '2018-11-27 23:17:31'),
(2432, '24524', 'CARLOS', 'BLANCO', '1954-12-23', '2418174223', '4144362592', 'CARLOSEDUARDOBLANCO17@GMAIL.COM', 'CARABOBO', '2018-11-27 23:17:31', '2018-11-27 23:17:31'),
(2433, '245245', 'MILAGROS', 'LOPEZ', '1956-04-06', '2418710522', '4168490138', 'MILAGROSCARIDAD@HOTMAIL.COM', 'CARABOBO', '2018-11-27 23:17:31', '2018-11-27 23:17:31'),
(2434, '445719216', 'HENRY', 'RIVERO', '1956-02-05', '2418342945', '4144064996', 'HENRIVER99@HOTMAIL.COM', 'CARABOBO', '2018-11-27 23:17:31', '2018-11-27 23:17:31'),
(2435, '12313', 'DORIS', 'VILLANUEVA', '1953-11-15', '2432632649', '4124062803', 'DORISMVILLANUEVA@GMAIL.COM', 'CARABOBO', '2018-11-27 23:17:31', '2018-11-27 23:17:31'),
(2436, '234535', 'FELIX', 'SALAZAR', '1942-12-31', '2418478637', '4265404018', 'FELIXJOSESALAZARRODRIGUEZ@GMAIL.COM', 'CARABOBO', '2018-11-27 23:17:31', '2018-11-27 23:17:31'),
(2437, '356456', 'FELIX', 'SALAZAR', '1942-12-31', '2418478637', '4265404018', 'FELIXJOSESALAZARRODRIGUEZ@GMAIL.COM', 'CARABOBO', '2018-11-27 23:17:31', '2018-11-27 23:17:31'),
(2438, '467467', 'GLENIS', 'SANDOVAL', '1952-12-07', '4244279684', '4244279684', 'SANDOVALGLENIS9@HOTMAIL.COM', 'CARABOBO', '2018-11-27 23:17:31', '2018-11-27 23:17:31'),
(2439, '567', 'NILSA', 'PINTO', '1951-12-10', '2418663272', '4121341891', 'NILPIN1@GMAIL.COM', 'CARABOBO', '2018-11-27 23:17:31', '2018-11-27 23:17:31'),
(2440, '5671056', 'CARLOS', 'BLANCO', '1954-12-23', '2418174223', '4144362592', 'CARLOSEDUARDOBLANCO17@GMAIL.COM', 'CARABOBO', '2018-11-27 23:17:31', '2018-11-27 23:17:31'),
(2441, '56751567', 'MILAGROS', 'LOPEZ', '1956-04-06', '2418710522', '4168490138', 'MILAGROSCARIDAD@HOTMAIL.COM', 'CARABOBO', '2018-11-27 23:17:31', '2018-11-27 23:17:31'),
(2442, '56756207', 'HENRY', 'RIVERO', '1956-02-05', '2418342945', '4144064996', 'HENRIVER99@HOTMAIL.COM', 'CARABOBO', '2018-11-27 23:17:31', '2018-11-27 23:17:31'),
(2443, '256756', 'DORIS', 'VILLANUEVA', '1953-11-15', '2432632649', '4124062803', 'DORISMVILLANUEVA@GMAIL.COM', 'CARABOBO', '2018-11-27 23:17:31', '2018-11-27 23:17:31'),
(2444, '121123', 'FELIX', 'SALAZAR', '1942-12-31', '2418478637', '4265404018', 'FELIXJOSESALAZARRODRIGUEZ@GMAIL.COM', 'CARABOBO', '2018-11-27 23:17:31', '2018-11-27 23:17:31'),
(2445, '11253123', 'FELIX', 'SALAZAR', '1942-12-31', '2418478637', '4265404018', 'FELIXJOSESALAZARRODRIGUEZ@GMAIL.COM', 'CARABOBO', '2018-11-27 23:17:31', '2018-11-27 23:17:31'),
(2446, '12312314', 'GLENIS', 'SANDOVAL', '1952-12-07', '4244279684', '4244279684', 'SANDOVALGLENIS9@HOTMAIL.COM', 'CARABOBO', '2018-11-27 23:17:31', '2018-11-27 23:17:31'),
(2447, '21342342', 'NILSA', 'PINTO', '1951-12-10', '2418663272', '4121341891', 'NILPIN1@GMAIL.COM', 'CARABOBO', '2018-11-27 23:17:31', '2018-11-27 23:17:31'),
(2448, '1235140', 'CARLOS', 'BLANCO', '1954-12-23', '2418174223', '4144362592', 'CARLOSEDUARDOBLANCO17@GMAIL.COM', 'CARABOBO', '2018-11-27 23:17:31', '2018-11-27 23:17:31'),
(2449, '1345134535', 'MILAGROS', 'LOPEZ', '1956-04-06', '2418710522', '4168490138', 'MILAGROSCARIDAD@HOTMAIL.COM', 'CARABOBO', '2018-11-27 23:17:31', '2018-11-27 23:17:31'),
(2450, '134513451', 'HENRY', 'RIVERO', '1956-02-05', '2418342945', '4144064996', 'HENRIVER99@HOTMAIL.COM', 'CARABOBO', '2018-11-27 23:17:31', '2018-11-27 23:17:31'),
(2451, '13453466', 'DORIS', 'VILLANUEVA', '1953-11-15', '2432632649', '4124062803', 'DORISMVILLANUEVA@GMAIL.COM', 'CARABOBO', '2018-11-27 23:17:31', '2018-11-27 23:17:31'),
(2452, '13463466', 'FELIX', 'SALAZAR', '1942-12-31', '2418478637', '4265404018', 'FELIXJOSESALAZARRODRIGUEZ@GMAIL.COM', 'CARABOBO', '2018-11-27 23:17:31', '2018-11-27 23:17:31'),
(2453, '61346313', 'FELIX', 'SALAZAR', '1942-12-31', '2418478637', '4265404018', 'FELIXJOSESALAZARRODRIGUEZ@GMAIL.COM', 'CARABOBO', '2018-11-27 23:17:31', '2018-11-27 23:17:31'),
(2454, '1242745724', 'MILAGROS', 'LOPEZ', '1956-04-06', '2418710522', '4168490138', 'MILAGROSCARIDAD@HOTMAIL.COM', 'CARABOBO', '2018-11-27 23:17:31', '2018-11-27 23:17:31'),
(2455, '13463361363', 'GLENIS', 'SANDOVAL', '1952-12-07', '4244279684', '4244279684', 'SANDOVALGLENIS9@HOTMAIL.COM', 'CARABOBO', '2018-11-27 23:17:31', '2018-11-27 23:17:31'),
(2456, '3416143613', 'NILSA', 'PINTO', '1951-12-10', '2418663272', '4121341891', 'NILPIN1@GMAIL.COM', 'CARABOBO', '2018-11-27 23:17:31', '2018-11-27 23:17:31'),
(2457, '341613631', 'CARLOS', 'BLANCO', '1954-12-23', '2418174223', '4144362592', 'CARLOSEDUARDOBLANCO17@GMAIL.COM', 'CARABOBO', '2018-11-27 23:17:31', '2018-11-27 23:17:31'),
(2458, '31431313', 'MILAGROS', 'LOPEZ', '1956-04-06', '2418710522', '4168490138', 'MILAGROSCARIDAD@HOTMAIL.COM', 'CARABOBO', '2018-11-27 23:17:31', '2018-11-27 23:17:31'),
(2459, '3147613473', 'HENRY', 'RIVERO', '1956-02-05', '2418342945', '4144064996', 'HENRIVER99@HOTMAIL.COM', 'CARABOBO', '2018-11-27 23:17:31', '2018-11-27 23:17:31'),
(2460, '3177431473', 'DORIS', 'VILLANUEVA', '1953-11-15', '2432632649', '4124062803', 'DORISMVILLANUEVA@GMAIL.COM', 'CARABOBO', '2018-11-27 23:17:31', '2018-11-27 23:17:31'),
(2461, '31471743131', 'FELIX', 'SALAZAR', '1942-12-31', '2418478637', '4265404018', 'FELIXJOSESALAZARRODRIGUEZ@GMAIL.COM', 'CARABOBO', '2018-11-27 23:17:31', '2018-11-27 23:17:31'),
(2462, '31471300', 'FELIX', 'SALAZAR', '1942-12-31', '2418478637', '4265404018', 'FELIXJOSESALAZARRODRIGUEZ@GMAIL.COM', 'CARABOBO', '2018-11-27 23:17:31', '2018-11-27 23:17:31'),
(2463, '3147173434', 'GLENIS', 'SANDOVAL', '1952-12-07', '4244279684', '4244279684', 'SANDOVALGLENIS9@HOTMAIL.COM', 'CARABOBO', '2018-11-27 23:17:31', '2018-11-27 23:17:31'),
(2464, '31477471347', 'NILSA', 'PINTO', '1951-12-10', '2418663272', '4121341891', 'NILPIN1@GMAIL.COM', 'CARABOBO', '2018-11-27 23:17:31', '2018-11-27 23:17:31'),
(2465, '31477331137', 'CARLOS', 'BLANCO', '1954-12-23', '2418174223', '4144362592', 'CARLOSEDUARDOBLANCO17@GMAIL.COM', 'CARABOBO', '2018-11-27 23:17:31', '2018-11-27 23:17:31'),
(2466, '1373331347', 'MILAGROS', 'LOPEZ', '1956-04-06', '2418710522', '4168490138', 'MILAGROSCARIDAD@HOTMAIL.COM', 'CARABOBO', '2018-11-27 23:17:31', '2018-11-27 23:17:31'),
(2467, '13471734', 'HENRY', 'RIVERO', '1956-02-05', '2418342945', '4144064996', 'HENRIVER99@HOTMAIL.COM', 'CARABOBO', '2018-11-27 23:17:31', '2018-11-27 23:17:31'),
(2468, '2343', 'DORIS', 'VILLANUEVA', '1953-11-15', '2432632649', '4124062803', 'DORISMVILLANUEVA@GMAIL.COM', 'CARABOBO', '2018-11-27 23:17:31', '2018-11-27 23:17:31'),
(2469, '3341734', 'FELIX', 'SALAZAR', '1942-12-31', '2418478637', '4265404018', 'FELIXJOSESALAZARRODRIGUEZ@GMAIL.COM', 'CARABOBO', '2018-11-27 23:17:31', '2018-11-27 23:17:31'),
(2470, '4317341431', 'FELIX', 'SALAZAR', '1942-12-31', '2418478637', '4265404018', 'FELIXJOSESALAZARRODRIGUEZ@GMAIL.COM', 'CARABOBO', '2018-11-27 23:17:31', '2018-11-27 23:17:31'),
(2471, '134717431', 'GLENIS', 'SANDOVAL', '1952-12-07', '4244279684', '4244279684', 'SANDOVALGLENIS9@HOTMAIL.COM', 'CARABOBO', '2018-11-27 23:17:31', '2018-11-27 23:17:31'),
(2472, '3147431437', 'NILSA', 'PINTO', '1951-12-10', '2418663272', '4121341891', 'NILPIN1@GMAIL.COM', 'CARABOBO', '2018-11-27 23:17:31', '2018-11-27 23:17:31'),
(2473, '31474134', 'CARLOS', 'BLANCO', '1954-12-23', '2418174223', '4144362592', 'CARLOSEDUARDOBLANCO17@GMAIL.COM', 'CARABOBO', '2018-11-27 23:17:31', '2018-11-27 23:17:31'),
(2474, '1347173', 'MILAGROS', 'LOPEZ', '1956-04-06', '2418710522', '4168490138', 'MILAGROSCARIDAD@HOTMAIL.COM', 'CARABOBO', '2018-11-27 23:17:31', '2018-11-27 23:17:31'),
(2475, '315123', 'HENRY', 'RIVERO', '1956-02-05', '2418342945', '4144064996', 'HENRIVER99@HOTMAIL.COM', 'CARABOBO', '2018-11-27 23:17:31', '2018-11-27 23:17:31'),
(2476, '31747341', 'DORIS', 'VILLANUEVA', '1953-11-15', '2432632649', '4124062803', 'DORISMVILLANUEVA@GMAIL.COM', 'CARABOBO', '2018-11-27 23:17:31', '2018-11-27 23:17:31'),
(2477, '2659899231', 'FELIX', 'SALAZAR', '1942-12-31', '2418478637', '4265404018', 'FELIXJOSESALAZARRODRIGUEZ@GMAIL.COM', 'CARABOBO', '2018-11-27 23:17:31', '2018-11-27 23:17:31'),
(2478, '2659899871', 'FELIX', 'SALAZAR', '1942-12-31', '2418478637', '4265404018', 'FELIXJOSESALAZARRODRIGUEZ@GMAIL.COM', 'CARABOBO', '2018-11-27 23:17:31', '2018-11-27 23:17:31'),
(2479, '368165912', 'GLENIS', 'SANDOVAL', '1952-12-07', '4244279684', '4244279684', 'SANDOVALGLENIS9@HOTMAIL.COM', 'CARABOBO', '2018-11-27 23:17:31', '2018-11-27 23:17:31'),
(2480, '3922611053', 'NILSA', 'PINTO', '1951-12-10', '2418663272', '4121341891', 'NILPIN1@GMAIL.COM', 'CARABOBO', '2018-11-27 23:17:31', '2018-11-27 23:17:31'),
(2481, '4129190415', 'CARLOS', 'BLANCO', '1954-12-23', '2418174223', '4144362592', 'CARLOSEDUARDOBLANCO17@GMAIL.COM', 'CARABOBO', '2018-11-27 23:17:31', '2018-11-27 23:17:31'),
(2482, '12398712037', 'MILAGROS', 'LOPEZ', '1956-04-06', '2418710522', '4168490138', 'MILAGROSCARIDAD@HOTMAIL.COM', 'CARABOBO', '2018-11-27 23:17:31', '2018-11-27 23:17:31'),
(2483, '44570190196', 'HENRY', 'RIVERO', '1956-02-05', '2418342945', '4144064996', 'HENRIVER99@HOTMAIL.COM', 'CARABOBO', '2018-11-27 23:17:31', '2018-11-27 23:17:31'),
(2484, '441257197', 'DORIS', 'VILLANUEVA', '1953-11-15', '2432632649', '4124062803', 'DORISMVILLANUEVA@GMAIL.COM', 'CARABOBO', '2018-11-27 23:17:31', '2018-11-27 23:17:31'),
(2485, '122659891', 'FELIX', 'SALAZAR', '1942-12-31', '2418478637', '4265404018', 'FELIXJOSESALAZARRODRIGUEZ@GMAIL.COM', 'CARABOBO', '2018-11-27 23:17:31', '2018-11-27 23:17:31'),
(2486, '2265982299', 'FELIX', 'SALAZAR', '1942-12-31', '2418478637', '4265404018', 'SANDOVALGLENIS9@HOTMAIL.COM', 'CARABOBO', '2018-11-27 23:17:31', '2018-11-27 23:17:31'),
(2487, '1236816519', 'GLENIS', 'SANDOVAL', '1952-12-07', '4244279684', '4244279684', 'SANDOVALGLENIS9@HOTMAIL.COM', 'CARABOBO', '2018-11-27 23:17:31', '2018-11-27 23:17:31'),
(2488, '23922611325', 'NILSA', 'PINTO', '1951-12-10', '2418663272', '4121341891', 'NILPIN1@GMAIL.COM', 'CARABOBO', '2018-11-27 23:17:31', '2018-11-27 23:17:31'),
(2489, '121231', 'CARLOS', 'BLANCO', '1954-12-23', '2418174223', '4144362592', 'CARLOSEDUARDOBLANCO17@GMAIL.COM', 'CARABOBO', '2018-11-27 23:17:31', '2018-11-27 23:17:31'),
(2490, '41231294452', 'MILAGROS', 'LOPEZ', '1956-04-06', '2418710522', '4168490138', 'MILAGROSCARIDAD@HOTMAIL.COM', 'CARABOBO', '2018-11-27 23:17:31', '2018-11-27 23:17:31'),
(2491, '41245716596', 'HENRY', 'RIVERO', '1956-02-05', '2418342945', '4144064996', 'HENRIVER99@HOTMAIL.COM', 'CARABOBO', '2018-11-27 23:17:31', '2018-11-27 23:17:31'),
(2492, '91276', 'DORIS', 'VILLANUEVA', '1953-11-15', '2432632649', '4124062803', 'DORISMVILLANUEVA@GMAIL.COM', 'CARABOBO', '2018-11-27 23:17:31', '2018-11-27 23:17:31'),
(2493, '12265912899', 'FELIX', 'SALAZAR', '1942-12-31', '2418478637', '4265404018', 'FELIXJOSESALAZARRODRIGUEZ@GMAIL.COM', 'CARABOBO', '2018-11-27 23:17:31', '2018-11-27 23:17:31'),
(2494, '122112', 'FELIX', 'SALAZAR', '1942-12-31', '2418478637', '4265404018', 'FELIXJOSESALAZARRODRIGUEZ@GMAIL.COM', 'CARABOBO', '2018-11-27 23:17:31', '2018-11-27 23:17:31'),
(2495, '21123', 'GLENIS', 'SANDOVAL', '1952-12-07', '4244279684', '4244279684', 'SANDOVALGLENIS9@HOTMAIL.COM', 'CARABOBO', '2018-11-27 23:17:31', '2018-11-27 23:17:31'),
(2496, '211344', 'NILSA', 'PINTO', '1951-12-10', '2418663272', '4121341891', 'NILPIN1@GMAIL.COM', 'CARABOBO', '2018-11-27 23:17:31', '2018-11-27 23:17:31'),
(2497, '2123423425', 'CARLOS', 'BLANCO', '1954-12-23', '2418174223', '4144362592', 'CARLOSEDUARDOBLANCO17@GMAIL.COM', 'CARABOBO', '2018-11-27 23:17:31', '2018-11-27 23:17:31'),
(2498, '12425245', 'MILAGROS', 'LOPEZ', '1956-04-06', '2418710522', '4168490138', 'MILAGROSCARIDAD@HOTMAIL.COM', 'CARABOBO', '2018-11-27 23:17:31', '2018-11-27 23:17:31'),
(2499, '1212245', 'HENRY', 'RIVERO', '1956-02-05', '2418342945', '4144064996', 'HENRIVER99@HOTMAIL.COM', 'CARABOBO', '2018-11-27 23:17:31', '2018-11-27 23:17:31'),
(2500, '21245245', 'DORIS', 'VILLANUEVA', '1953-11-15', '2432632649', '4124062803', 'DORISMVILLANUEVA@GMAIL.COM', 'CARABOBO', '2018-11-27 23:17:31', '2018-11-27 23:17:31'),
(2501, '1212318923', 'FELIX', 'SALAZAR', '1942-12-31', '2418478637', '4265404018', 'FELIXJOSESALAZARRODRIGUEZ@GMAIL.COM', 'CARABOBO', '2018-11-27 23:17:31', '2018-11-27 23:17:31'),
(2502, '1231122', 'FELIX', 'SALAZAR', '1942-12-31', '2418478637', '4265404018', 'FELIXJOSESALAZARRODRIGUEZ@GMAIL.COM', 'CARABOBO', '2018-11-27 23:17:31', '2018-11-27 23:17:31'),
(2503, '1231231', 'GLENIS', 'SANDOVAL', '1952-12-07', '4244279684', '4244279684', 'SANDOVALGLENIS9@HOTMAIL.COM', 'CARABOBO', '2018-11-27 23:17:31', '2018-11-27 23:17:31'),
(2504, '24524512342', 'NILSA', 'PINTO', '1951-12-10', '2418663272', '4121341891', 'NILPIN1@GMAIL.COM', 'CARABOBO', '2018-11-27 23:17:31', '2018-11-27 23:17:31'),
(2505, '24512324', 'CARLOS', 'BLANCO', '1954-12-23', '2418174223', '4144362592', 'CARLOSEDUARDOBLANCO17@GMAIL.COM', 'CARABOBO', '2018-11-27 23:17:31', '2018-11-27 23:17:31'),
(2506, '245123245', 'MILAGROS', 'LOPEZ', '1956-04-06', '2418710522', '4168490138', 'MILAGROSCARIDAD@HOTMAIL.COM', 'CARABOBO', '2018-11-27 23:17:31', '2018-11-27 23:17:31'),
(2507, '445723196', 'HENRY', 'RIVERO', '1956-02-05', '2418342945', '4144064996', 'HENRIVER99@HOTMAIL.COM', 'CARABOBO', '2018-11-27 23:17:31', '2018-11-27 23:17:31'),
(2508, '13122313', 'DORIS', 'VILLANUEVA', '1953-11-15', '2432632649', '4124062803', 'DORISMVILLANUEVA@GMAIL.COM', 'CARABOBO', '2018-11-27 23:17:31', '2018-11-27 23:17:31'),
(2509, '2334535', 'FELIX', 'SALAZAR', '1942-12-31', '2418478637', '4265404018', 'FELIXJOSESALAZARRODRIGUEZ@GMAIL.COM', 'CARABOBO', '2018-11-27 23:17:31', '2018-11-27 23:17:31'),
(2510, '3564356', 'FELIX', 'SALAZAR', '1942-12-31', '2418478637', '4265404018', 'FELIXJOSESALAZARRODRIGUEZ@GMAIL.COM', 'CARABOBO', '2018-11-27 23:17:31', '2018-11-27 23:17:31'),
(2511, '4673467', 'GLENIS', 'SANDOVAL', '1952-12-07', '4244279684', '4244279684', 'SANDOVALGLENIS9@HOTMAIL.COM', 'CARABOBO', '2018-11-27 23:17:31', '2018-11-27 23:17:31'),
(2512, '2133567', 'NILSA', 'PINTO', '1951-12-10', '2418663272', '4121341891', 'NILPIN1@GMAIL.COM', 'CARABOBO', '2018-11-27 23:17:31', '2018-11-27 23:17:31'),
(2513, '1251226756', 'CARLOS', 'BLANCO', '1954-12-23', '2418174223', '4144362592', 'CARLOSEDUARDOBLANCO17@GMAIL.COM', 'CARABOBO', '2018-11-27 23:17:31', '2018-11-27 23:17:31'),
(2514, '12561237567', 'MILAGROS', 'LOPEZ', '1956-04-06', '2418710522', '4168490138', 'MILAGROSCARIDAD@HOTMAIL.COM', 'CARABOBO', '2018-11-27 23:17:31', '2018-11-27 23:17:31'),
(2515, '1256337567', 'HENRY', 'RIVERO', '1956-02-05', '2418342945', '4144064996', 'HENRIVER99@HOTMAIL.COM', 'CARABOBO', '2018-11-27 23:17:31', '2018-11-27 23:17:31'),
(2516, '1251236756', 'DORIS', 'VILLANUEVA', '1953-11-15', '2432632649', '4124062803', 'DORISMVILLANUEVA@GMAIL.COM', 'CARABOBO', '2018-11-27 23:17:31', '2018-11-27 23:17:31'),
(2517, '1231212', 'FELIX', 'SALAZAR', '1942-12-31', '2418478637', '4265404018', 'FELIXJOSESALAZARRODRIGUEZ@GMAIL.COM', 'CARABOBO', '2018-11-27 23:17:31', '2018-11-27 23:17:31'),
(2518, '123454', 'FELIX', 'SALAZAR', '1942-12-31', '2418478637', '4265404018', 'FELIXJOSESALAZARRODRIGUEZ@GMAIL.COM', 'CARABOBO', '2018-11-27 23:17:31', '2018-11-27 23:17:31'),
(2519, '4512645765', 'GLENIS', 'SANDOVAL', '1952-12-07', '4244279684', '4244279684', 'SANDOVALGLENIS9@HOTMAIL.COM', 'CARABOBO', '2018-11-27 23:17:31', '2018-11-27 23:17:31'),
(2520, '712567567', 'NILSA', 'PINTO', '1951-12-10', '2418663272', '4121341891', 'NILPIN1@GMAIL.COM', 'CARABOBO', '2018-11-27 23:17:31', '2018-11-27 23:17:31'),
(2521, '21567567', 'CARLOS', 'BLANCO', '1954-12-23', '2418174223', '4144362592', 'CARLOSEDUARDOBLANCO17@GMAIL.COM', 'CARABOBO', '2018-11-27 23:17:31', '2018-11-27 23:17:31'),
(2522, '32631234636', 'MILAGROS', 'LOPEZ', '1956-04-06', '2418710522', '4168490138', 'MILAGROSCARIDAD@HOTMAIL.COM', 'CARABOBO', '2018-11-27 23:17:31', '2018-11-27 23:17:31'),
(2523, '31122564356', 'HENRY', 'RIVERO', '1956-02-05', '2418342945', '4144064996', 'HENRIVER99@HOTMAIL.COM', 'CARABOBO', '2018-11-27 23:17:31', '2018-11-27 23:17:31'),
(2524, '124645764', 'DORIS', 'VILLANUEVA', '1953-11-15', '2432632649', '4124062803', 'DORISMVILLANUEVA@GMAIL.COM', 'CARABOBO', '2018-11-27 23:17:31', '2018-11-27 23:17:31'),
(2525, '123124324', 'FELIX', 'SALAZAR', '1942-12-31', '2418478637', '4265404018', 'FELIXJOSESALAZARRODRIGUEZ@GMAIL.COM', 'CARABOBO', '2018-11-27 23:17:31', '2018-11-27 23:17:31'),
(2526, '122342345', 'FELIX', 'SALAZAR', '1942-12-31', '2418478637', '4265404018', 'FELIXJOSESALAZARRODRIGUEZ@GMAIL.COM', 'CARABOBO', '2018-11-27 23:17:31', '2018-11-27 23:17:31'),
(2527, '1325452', 'GLENIS', 'SANDOVAL', '1952-12-07', '4244279684', '4244279684', 'SANDOVALGLENIS9@HOTMAIL.COM', 'CARABOBO', '2018-11-27 23:17:31', '2018-11-27 23:17:31'),
(2528, '123453453', 'NILSA', 'PINTO', '1951-12-10', '2418663272', '4121341891', 'NILPIN1@GMAIL.COM', 'CARABOBO', '2018-11-27 23:17:31', '2018-11-27 23:17:31'),
(2529, '345346534', 'CARLOS', 'BLANCO', '1954-12-23', '2418174223', '4144362592', 'CARLOSEDUARDOBLANCO17@GMAIL.COM', 'CARABOBO', '2018-11-27 23:17:31', '2018-11-27 23:17:31'),
(2530, '123465346', 'MILAGROS', 'LOPEZ', '1956-04-06', '2418710522', '4168490138', 'MILAGROSCARIDAD@HOTMAIL.COM', 'CARABOBO', '2018-11-27 23:17:31', '2018-11-27 23:17:31'),
(2531, '124363463', 'HENRY', 'RIVERO', '1956-02-05', '2418342945', '4144064996', 'HENRIVER99@HOTMAIL.COM', 'CARABOBO', '2018-11-27 23:17:31', '2018-11-27 23:17:31'),
(2532, '124564456', 'DORIS', 'VILLANUEVA', '1953-11-15', '2432632649', '4124062803', 'DORISMVILLANUEVA@GMAIL.COM', 'CARABOBO', '2018-11-27 23:17:31', '2018-11-27 23:17:31'),
(2533, '1212312123', 'FELIX', 'SALAZAR', '1942-12-31', '2418478637', '4265404018', 'FELIXJOSESALAZARRODRIGUEZ@GMAIL.COM', 'CARABOBO', '2018-11-27 23:17:31', '2018-11-27 23:17:31'),
(2534, '21234235', 'FELIX', 'SALAZAR', '1942-12-31', '2418478637', '4265404018', 'FELIXJOSESALAZARRODRIGUEZ@GMAIL.COM', 'CARABOBO', '2018-11-27 23:17:31', '2018-11-27 23:17:31'),
(2535, '12345346', 'GLENIS', 'SANDOVAL', '1952-12-07', '4244279684', '4244279684', 'SANDOVALGLENIS9@HOTMAIL.COM', 'CARABOBO', '2018-11-27 23:17:31', '2018-11-27 23:17:31'),
(2536, '1253645645', 'NILSA', 'PINTO', '1951-12-10', '2418663272', '4121341891', 'NILPIN1@GMAIL.COM', 'CARABOBO', '2018-11-27 23:17:31', '2018-11-27 23:17:31'),
(2537, '12467454', 'CARLOS', 'BLANCO', '1954-12-23', '2418174223', '4144362592', 'CARLOSEDUARDOBLANCO17@GMAIL.COM', 'CARABOBO', '2018-11-27 23:17:31', '2018-11-27 23:17:31'),
(2538, '124564564', 'MILAGROS', 'LOPEZ', '1956-04-06', '2418710522', '4168490138', 'MILAGROSCARIDAD@HOTMAIL.COM', 'CARABOBO', '2018-11-27 23:17:31', '2018-11-27 23:17:31'),
(2539, '31231212', 'HENRY', 'RIVERO', '1956-02-05', '2418342945', '4144064996', 'HENRIVER99@HOTMAIL.COM', 'CARABOBO', '2018-11-27 23:17:31', '2018-11-27 23:17:31'),
(2540, '122343', 'DORIS', 'VILLANUEVA', '1953-11-15', '2432632649', '4124062803', 'DORISMVILLANUEVA@GMAIL.COM', 'CARABOBO', '2018-11-27 23:17:31', '2018-11-27 23:17:31'),
(2541, '12123123123', 'FELIX', 'SALAZAR', '1942-12-31', '2418478637', '4265404018', 'FELIXJOSESALAZARRODRIGUEZ@GMAIL.COM', 'CARABOBO', '2018-11-27 23:17:31', '2018-11-27 23:17:31'),
(2542, '314535436', 'FELIX', 'SALAZAR', '1942-12-31', '2418478637', '4265404018', 'FELIXJOSESALAZARRODRIGUEZ@GMAIL.COM', 'CARABOBO', '2018-11-27 23:17:31', '2018-11-27 23:17:31'),
(2543, '12456456457', 'GLENIS', 'SANDOVAL', '1952-12-07', '4244279684', '4244279684', 'SANDOVALGLENIS9@HOTMAIL.COM', 'CARABOBO', '2018-11-27 23:17:31', '2018-11-27 23:17:31'),
(2544, '12476567567', 'NILSA', 'PINTO', '1951-12-10', '2418663272', '4121341891', 'NILPIN1@GMAIL.COM', 'CARABOBO', '2018-11-27 23:17:31', '2018-11-27 23:17:31'),
(2545, '12472724', 'CARLOS', 'BLANCO', '1954-12-23', '2418174223', '4144362592', 'CARLOSEDUARDOBLANCO17@GMAIL.COM', 'CARABOBO', '2018-11-27 23:17:31', '2018-11-27 23:17:31'),
(2546, '12247247', 'HENRY', 'RIVERO', '1956-02-05', '2418342945', '4144064996', 'HENRIVER99@HOTMAIL.COM', 'CARABOBO', '2018-11-27 23:17:31', '2018-11-27 23:17:31'),
(2547, '122172', 'DORIS', 'VILLANUEVA', '1953-11-15', '2432632649', '4124062803', 'DORISMVILLANUEVA@GMAIL.COM', 'CARABOBO', '2018-11-27 23:17:31', '2018-11-27 23:17:31'),
(2548, '12123123', 'FELIX', 'SALAZAR', '1942-12-31', '2418478637', '4265404018', 'FELIXJOSESALAZARRODRIGUEZ@GMAIL.COM', 'CARABOBO', '2018-11-27 23:17:31', '2018-11-27 23:17:31'),
(2549, '122659899', 'FELIX', 'SALAZAR', '1942-12-31', '2418478637', '4265404018', 'FELIXJOSESALAZARRODRIGUEZ@GMAIL.COM', 'CARABOBO', '2018-11-27 23:17:31', '2018-11-27 23:17:31'),
(2550, '123681659', 'GLENIS', 'SANDOVAL', '1952-12-07', '4244279684', '4244279684', 'SANDOVALGLENIS9@HOTMAIL.COM', 'CARABOBO', '2018-11-27 23:17:31', '2018-11-27 23:17:31'),
(2551, '123922615', 'NILSA', 'PINTO', '1951-12-10', '2418663272', '4121341891', 'NILPIN1@GMAIL.COM', 'CARABOBO', '2018-11-27 23:17:31', '2018-11-27 23:17:31'),
(2552, '1241291290', 'CARLOS', 'BLANCO', '1954-12-23', '2418174223', '4144362592', 'CARLOSEDUARDOBLANCO17@GMAIL.COM', 'CARABOBO', '2018-11-27 23:17:31', '2018-11-27 23:17:31'),
(2553, '124312942', 'MILAGROS', 'LOPEZ', '1956-04-06', '2418710522', '4168490138', 'MILAGROSCARIDAD@HOTMAIL.COM', 'CARABOBO', '2018-11-27 23:17:31', '2018-11-27 23:17:31'),
(2554, '124457196', 'HENRY', 'RIVERO', '1956-02-05', '2418342945', '4144064996', 'HENRIVER99@HOTMAIL.COM', 'CARABOBO', '2018-11-27 23:17:31', '2018-11-27 23:17:31'),
(2555, '124457197', 'DORIS', 'VILLANUEVA', '1953-11-15', '2432632649', '4124062803', 'DORISMVILLANUEVA@GMAIL.COM', 'CARABOBO', '2018-11-27 23:17:31', '2018-11-27 23:17:31'),
(2556, '212659891', 'FELIX', 'SALAZAR', '1942-12-31', '2418478637', '4265404018', 'FELIXJOSESALAZARRODRIGUEZ@GMAIL.COM', 'CARABOBO', '2018-11-27 23:17:31', '2018-11-27 23:17:31'),
(2557, '1226598299', 'FELIX', 'SALAZAR', '1942-12-31', '2418478637', '4265404018', 'FELIXJOSESALAZARRODRIGUEZ@GMAIL.COM', 'CARABOBO', '2018-11-27 23:17:31', '2018-11-27 23:17:31'),
(2558, '2136816519', 'GLENIS', 'SANDOVAL', '1952-12-07', '4244279684', '4244279684', 'SANDOVALGLENIS9@HOTMAIL.COM', 'CARABOBO', '2018-11-27 23:17:31', '2018-11-27 23:17:31'),
(2559, '12392261125', 'NILSA', 'PINTO', '1951-12-10', '2418663272', '4121341891', 'NILPIN1@GMAIL.COM', 'CARABOBO', '2018-11-27 23:17:31', '2018-11-27 23:17:31'),
(2560, '2134', 'CARLOS', 'BLANCO', '1954-12-23', '2418174223', '4144362592', 'CARLOSEDUARDOBLANCO17@GMAIL.COM', 'CARABOBO', '2018-11-27 23:17:31', '2018-11-27 23:17:31'),
(2561, '21431294452', 'MILAGROS', 'LOPEZ', '1956-04-06', '2418710522', '4168490138', 'MILAGROSCARIDAD@HOTMAIL.COM', 'CARABOBO', '2018-11-27 23:17:31', '2018-11-27 23:17:31'),
(2562, '12445716596', 'HENRY', 'RIVERO', '1956-02-05', '2418342945', '4144064996', 'HENRIVER99@HOTMAIL.COM', 'CARABOBO', '2018-11-27 23:17:31', '2018-11-27 23:17:31'),
(2563, '1276', 'DORIS', 'VILLANUEVA', '1953-11-15', '2432632649', '4124062803', 'DORISMVILLANUEVA@GMAIL.COM', 'CARABOBO', '2018-11-27 23:17:31', '2018-11-27 23:17:31'),
(2564, '12265918909', 'FELIX', 'SALAZAR', '1942-12-31', '2418478637', '4265404018', 'FELIXJOSESALAZARRODRIGUEZ@GMAIL.COM', 'CARABOBO', '2018-11-27 23:17:31', '2018-11-27 23:17:31'),
(2565, '2112', 'FELIX', 'SALAZAR', '1942-12-31', '2418478637', '4265404018', 'FELIXJOSESALAZARRODRIGUEZ@GMAIL.COM', 'CARABOBO', '2018-11-27 23:17:31', '2018-11-27 23:17:31'),
(2566, '2116723', 'GLENIS', 'SANDOVAL', '1952-12-07', '4244279684', '4244279684', 'SANDOVALGLENIS9@HOTMAIL.COM', 'CARABOBO', '2018-11-27 23:17:31', '2018-11-27 23:17:31'),
(2567, '121341244', 'NILSA', 'PINTO', '1951-12-10', '2418663272', '4121341891', 'NILPIN1@GMAIL.COM', 'CARABOBO', '2018-11-27 23:17:31', '2018-11-27 23:17:31'),
(2568, '122346425', 'CARLOS', 'BLANCO', '1954-12-23', '2418174223', '4144362592', 'CARLOSEDUARDOBLANCO17@GMAIL.COM', 'CARABOBO', '2018-11-27 23:17:31', '2018-11-27 23:17:31'),
(2569, '124252845', 'MILAGROS', 'LOPEZ', '1956-04-06', '2418710522', '4168490138', 'MILAGROSCARIDAD@HOTMAIL.COM', 'CARABOBO', '2018-11-27 23:17:31', '2018-11-27 23:17:31'),
(2570, '12245', 'HENRY', 'RIVERO', '1956-02-05', '2418342945', '4144064996', 'HENRIVER99@HOTMAIL.COM', 'CARABOBO', '2018-11-27 23:17:31', '2018-11-27 23:17:31'),
(2571, '2124527645', 'DORIS', 'VILLANUEVA', '1953-11-15', '2432632649', '4124062803', 'DORISMVILLANUEVA@GMAIL.COM', 'CARABOBO', '2018-11-27 23:17:31', '2018-11-27 23:17:31'),
(2572, '21123123', 'FELIX', 'SALAZAR', '1942-12-31', '2418478637', '4265404018', 'FELIXJOSESALAZARRODRIGUEZ@GMAIL.COM', 'CARABOBO', '2018-11-27 23:17:31', '2018-11-27 23:17:31'),
(2573, '12312', 'FELIX', 'SALAZAR', '1942-12-31', '2418478637', '4265404018', 'FELIXJOSESALAZARRODRIGUEZ@GMAIL.COM', 'CARABOBO', '2018-11-27 23:17:31', '2018-11-27 23:17:31'),
(2574, '122432354', 'GLENIS', 'SANDOVAL', '1952-12-07', '4244279684', '4244279684', 'SANDOVALGLENIS9@HOTMAIL.COM', 'CARABOBO', '2018-11-27 23:17:31', '2018-11-27 23:17:31'),
(2575, '1224524542', 'NILSA', 'PINTO', '1951-12-10', '2418663272', '4121341891', 'NILPIN1@GMAIL.COM', 'CARABOBO', '2018-11-27 23:17:31', '2018-11-27 23:17:31'),
(2576, '1224524', 'CARLOS', 'BLANCO', '1954-12-23', '2418174223', '4144362592', 'CARLOSEDUARDOBLANCO17@GMAIL.COM', 'CARABOBO', '2018-11-27 23:17:31', '2018-11-27 23:17:31'),
(2577, '12245245', 'MILAGROS', 'LOPEZ', '1956-04-06', '2418710522', '4168490138', 'MILAGROSCARIDAD@HOTMAIL.COM', 'CARABOBO', '2018-11-27 23:17:31', '2018-11-27 23:17:31'),
(2578, '214457196', 'HENRY', 'RIVERO', '1956-02-05', '2418342945', '4144064996', 'HENRIVER99@HOTMAIL.COM', 'CARABOBO', '2018-11-27 23:17:31', '2018-11-27 23:17:31'),
(2579, '1212313', 'DORIS', 'VILLANUEVA', '1953-11-15', '2432632649', '4124062803', 'DORISMVILLANUEVA@GMAIL.COM', 'CARABOBO', '2018-11-27 23:17:31', '2018-11-27 23:17:31'),
(2580, '12234535', 'FELIX', 'SALAZAR', '1942-12-31', '2418478637', '4265404018', 'FELIXJOSESALAZARRODRIGUEZ@GMAIL.COM', 'CARABOBO', '2018-11-27 23:17:31', '2018-11-27 23:17:31'),
(2581, '12356456', 'FELIX', 'SALAZAR', '1942-12-31', '2418478637', '4265404018', 'FELIXJOSESALAZARRODRIGUEZ@GMAIL.COM', 'CARABOBO', '2018-11-27 23:17:31', '2018-11-27 23:17:31'),
(2582, '12467467', 'GLENIS', 'SANDOVAL', '1952-12-07', '4244279684', '4244279684', 'SANDOVALGLENIS9@HOTMAIL.COM', 'CARABOBO', '2018-11-27 23:17:31', '2018-11-27 23:17:31'),
(2583, '21567', 'NILSA', 'PINTO', '1951-12-10', '2418663272', '4121341891', 'NILPIN1@GMAIL.COM', 'CARABOBO', '2018-11-27 23:17:31', '2018-11-27 23:17:31'),
(2584, '12567756', 'CARLOS', 'BLANCO', '1954-12-23', '2418174223', '4144362592', 'CARLOSEDUARDOBLANCO17@GMAIL.COM', 'CARABOBO', '2018-11-27 23:17:31', '2018-11-27 23:17:31'),
(2585, '12567567', 'MILAGROS', 'LOPEZ', '1956-04-06', '2418710522', '4168490138', 'MILAGROSCARIDAD@HOTMAIL.COM', 'CARABOBO', '2018-11-27 23:17:31', '2018-11-27 23:17:31'),
(2586, '125675607', 'HENRY', 'RIVERO', '1956-02-05', '2418342945', '4144064996', 'HENRIVER99@HOTMAIL.COM', 'CARABOBO', '2018-11-27 23:17:31', '2018-11-27 23:17:31'),
(2587, '125667756', 'DORIS', 'VILLANUEVA', '1953-11-15', '2432632649', '4124062803', 'DORISMVILLANUEVA@GMAIL.COM', 'CARABOBO', '2018-11-27 23:17:31', '2018-11-27 23:17:31'),
(2588, '12121123', 'FELIX', 'SALAZAR', '1942-12-31', '2418478637', '4265404018', 'FELIXJOSESALAZARRODRIGUEZ@GMAIL.COM', 'CARABOBO', '2018-11-27 23:17:31', '2018-11-27 23:17:31'),
(2589, '121123123', 'FELIX', 'SALAZAR', '1942-12-31', '2418478637', '4265404018', 'FELIXJOSESALAZARRODRIGUEZ@GMAIL.COM', 'CARABOBO', '2018-11-27 23:17:31', '2018-11-27 23:17:31'),
(2590, '2112312314', 'GLENIS', 'SANDOVAL', '1952-12-07', '4244279684', '4244279684', 'SANDOVALGLENIS9@HOTMAIL.COM', 'CARABOBO', '2018-11-27 23:17:31', '2018-11-27 23:17:31'),
(2591, '1221342342', 'NILSA', 'PINTO', '1951-12-10', '2418663272', '4121341891', 'NILPIN1@GMAIL.COM', 'CARABOBO', '2018-11-27 23:17:31', '2018-11-27 23:17:31'),
(2592, '1235678140', 'CARLOS', 'BLANCO', '1954-12-23', '2418174223', '4144362592', 'CARLOSEDUARDOBLANCO17@GMAIL.COM', 'CARABOBO', '2018-11-27 23:17:31', '2018-11-27 23:17:31'),
(2593, '1213134535', 'MILAGROS', 'LOPEZ', '1956-04-06', '2418710522', '4168490138', 'MILAGROSCARIDAD@HOTMAIL.COM', 'CARABOBO', '2018-11-27 23:17:31', '2018-11-27 23:17:31'),
(2594, '12134513451', 'HENRY', 'RIVERO', '1956-02-05', '2418342945', '4144064996', 'HENRIVER99@HOTMAIL.COM', 'CARABOBO', '2018-11-27 23:17:31', '2018-11-27 23:17:31'),
(2595, '1213453466', 'DORIS', 'VILLANUEVA', '1953-11-15', '2432632649', '4124062803', 'DORISMVILLANUEVA@GMAIL.COM', 'CARABOBO', '2018-11-27 23:17:31', '2018-11-27 23:17:31'),
(2596, '1213463466', 'FELIX', 'SALAZAR', '1942-12-31', '2418478637', '4265404018', 'FELIXJOSESALAZARRODRIGUEZ@GMAIL.COM', 'CARABOBO', '2018-11-27 23:17:31', '2018-11-27 23:17:31'),
(2597, '1261346313', 'FELIX', 'SALAZAR', '1942-12-31', '2418478637', '4265404018', 'FELIXJOSESALAZARRODRIGUEZ@GMAIL.COM', 'CARABOBO', '2018-11-27 23:17:31', '2018-11-27 23:17:31'),
(2598, '1213461363', 'GLENIS', 'SANDOVAL', '1952-12-07', '4244279684', '4244279684', 'SANDOVALGLENIS9@HOTMAIL.COM', 'CARABOBO', '2018-11-27 23:17:31', '2018-11-27 23:17:31'),
(2599, '1234143613', 'NILSA', 'PINTO', '1951-12-10', '2418663272', '4121341891', 'NILPIN1@GMAIL.COM', 'CARABOBO', '2018-11-27 23:17:31', '2018-11-27 23:17:31'),
(2600, '12341613631', 'CARLOS', 'BLANCO', '1954-12-23', '2418174223', '4144362592', 'CARLOSEDUARDOBLANCO17@GMAIL.COM', 'CARABOBO', '2018-11-27 23:17:31', '2018-11-27 23:17:31'),
(2601, '1231431313', 'MILAGROS', 'LOPEZ', '1956-04-06', '2418710522', '4168490138', 'MILAGROSCARIDAD@HOTMAIL.COM', 'CARABOBO', '2018-11-27 23:17:31', '2018-11-27 23:17:31'),
(2602, '12314613473', 'HENRY', 'RIVERO', '1956-02-05', '2418342945', '4144064996', 'HENRIVER99@HOTMAIL.COM', 'CARABOBO', '2018-11-27 23:17:31', '2018-11-27 23:17:31'),
(2603, '11277431473', 'DORIS', 'VILLANUEVA', '1953-11-15', '2432632649', '4124062803', 'DORISMVILLANUEVA@GMAIL.COM', 'CARABOBO', '2018-11-27 23:17:31', '2018-11-27 23:17:31'),
(2604, '12471743131', 'FELIX', 'SALAZAR', '1942-12-31', '2418478637', '4265404018', 'FELIXJOSESALAZARRODRIGUEZ@GMAIL.COM', 'CARABOBO', '2018-11-27 23:17:31', '2018-11-27 23:17:31'),
(2605, '1231471300', 'FELIX', 'SALAZAR', '1942-12-31', '2418478637', '4265404018', 'FELIXJOSESALAZARRODRIGUEZ@GMAIL.COM', 'CARABOBO', '2018-11-27 23:17:31', '2018-11-27 23:17:31'),
(2606, '1247173434', 'GLENIS', 'SANDOVAL', '1952-12-07', '4244279684', '4244279684', 'SANDOVALGLENIS9@HOTMAIL.COM', 'CARABOBO', '2018-11-27 23:17:31', '2018-11-27 23:17:31'),
(2607, '12314771347', 'NILSA', 'PINTO', '1951-12-10', '2418663272', '4121341891', 'NILPIN1@GMAIL.COM', 'CARABOBO', '2018-11-27 23:17:31', '2018-11-27 23:17:31'),
(2608, '12314331137', 'CARLOS', 'BLANCO', '1954-12-23', '2418174223', '4144362592', 'CARLOSEDUARDOBLANCO17@GMAIL.COM', 'CARABOBO', '2018-11-27 23:17:31', '2018-11-27 23:17:31'),
(2609, '1213331347', 'MILAGROS', 'LOPEZ', '1956-04-06', '2418710522', '4168490138', 'MILAGROSCARIDAD@HOTMAIL.COM', 'CARABOBO', '2018-11-27 23:17:31', '2018-11-27 23:17:31'),
(2610, '1213471734', 'HENRY', 'RIVERO', '1956-02-05', '2418342945', '4144064996', 'HENRIVER99@HOTMAIL.COM', 'CARABOBO', '2018-11-27 23:17:31', '2018-11-27 23:17:31'),
(2611, '212343', 'DORIS', 'VILLANUEVA', '1953-11-15', '2432632649', '4124062803', 'DORISMVILLANUEVA@GMAIL.COM', 'CARABOBO', '2018-11-27 23:17:31', '2018-11-27 23:17:31'),
(2612, '123341734', 'FELIX', 'SALAZAR', '1942-12-31', '2418478637', '4265404018', 'FELIXJOSESALAZARRODRIGUEZ@GMAIL.COM', 'CARABOBO', '2018-11-27 23:17:31', '2018-11-27 23:17:31'),
(2613, '1217341431', 'FELIX', 'SALAZAR', '1942-12-31', '2418478637', '4265404018', 'FELIXJOSESALAZARRODRIGUEZ@GMAIL.COM', 'CARABOBO', '2018-11-27 23:17:31', '2018-11-27 23:17:31'),
(2614, '1224717431', 'GLENIS', 'SANDOVAL', '1952-12-07', '4244279684', '4244279684', 'SANDOVALGLENIS9@HOTMAIL.COM', 'CARABOBO', '2018-11-27 23:17:31', '2018-11-27 23:17:31'),
(2615, '12314431437', 'NILSA', 'PINTO', '1951-12-10', '2418663272', '4121341891', 'NILPIN1@GMAIL.COM', 'CARABOBO', '2018-11-27 23:17:31', '2018-11-27 23:17:31'),
(2616, '1231474134', 'CARLOS', 'BLANCO', '1954-12-23', '2418174223', '4144362592', 'CARLOSEDUARDOBLANCO17@GMAIL.COM', 'CARABOBO', '2018-11-27 23:17:32', '2018-11-27 23:17:32'),
(2617, '121347173', 'MILAGROS', 'LOPEZ', '1956-04-06', '2418710522', '4168490138', 'MILAGROSCARIDAD@HOTMAIL.COM', 'CARABOBO', '2018-11-27 23:17:32', '2018-11-27 23:17:32'),
(2618, '12315123', 'HENRY', 'RIVERO', '1956-02-05', '2418342945', '4144064996', 'HENRIVER99@HOTMAIL.COM', 'CARABOBO', '2018-11-27 23:17:32', '2018-11-27 23:17:32'),
(2619, '67678678', 'DORIS', 'VILLANUEVA', '1953-11-15', '2432632649', '4124062803', 'DORISMVILLANUEVA@GMAIL.COM', 'CARABOBO', '2018-11-27 23:17:32', '2018-11-27 23:17:32'),
(2620, '368165129', 'FELIX', 'SALAZAR', '1942-12-31', '2418478637', '4265404018', 'FELIXJOSESALAZARRODRIGUEZ@GMAIL.COM', 'CARABOBO', '2018-11-27 23:17:32', '2018-11-27 23:17:32');

-- --------------------------------------------------------

--
-- Estructura de tabla para la tabla `dim_estudiosuc`
--

CREATE TABLE `dim_estudiosuc` (
  `id` int(11) NOT NULL,
  `codigo` varchar(100) NOT NULL,
  `titulo` varchar(100) NOT NULL,
  `anho_grado` date NOT NULL,
  `url_certificacion` varchar(300) NOT NULL,
  `fecha_creacion` timestamp NOT NULL DEFAULT CURRENT_TIMESTAMP,
  `fecha_actualizacion` timestamp NOT NULL DEFAULT CURRENT_TIMESTAMP ON UPDATE CURRENT_TIMESTAMP
) ENGINE=InnoDB DEFAULT CHARSET=latin1;

--
-- Volcado de datos para la tabla `dim_estudiosuc`
--

INSERT INTO `dim_estudiosuc` (`id`, `codigo`, `titulo`, `anho_grado`, `url_certificacion`, `fecha_creacion`, `fecha_actualizacion`) VALUES
(41, '1', 'Licenciado en Computación', '2018-07-24', 'url...', '2018-11-28 19:16:17', '2018-11-28 19:16:17'),
(42, '2', 'Licenciado en Física', '2018-07-26', 'url...', '2018-11-28 19:16:17', '2018-11-28 19:17:20'),
(43, '3', 'Licenciado en Computación', '2018-07-24', 'url...', '2018-11-28 19:16:17', '2018-11-28 19:16:17'),
(44, '4', 'Licenciado en Química', '2010-07-24', 'url...', '2018-11-28 19:16:17', '2018-11-28 19:16:17');

-- --------------------------------------------------------

--
-- Estructura de tabla para la tabla `dim_etnia`
--

CREATE TABLE `dim_etnia` (
  `id` int(11) NOT NULL,
  `codigo` varchar(100) NOT NULL,
  `fecha_creacion` timestamp NOT NULL DEFAULT CURRENT_TIMESTAMP,
  `fecha_actualizacion` timestamp NOT NULL DEFAULT CURRENT_TIMESTAMP ON UPDATE CURRENT_TIMESTAMP
) ENGINE=InnoDB DEFAULT CHARSET=latin1;

--
-- Volcado de datos para la tabla `dim_etnia`
--

INSERT INTO `dim_etnia` (`id`, `codigo`, `fecha_creacion`, `fecha_actualizacion`) VALUES
(1, 'NO PERTENEZCO A UN PUEBLO INDÍGENA', '2018-10-28 16:52:04', '2018-10-28 16:52:04'),
(2, 'SI PERTENEZCO A UN PUEBLO INDÍGENA', '2018-10-28 16:52:04', '2018-10-28 16:52:04');

-- --------------------------------------------------------

--
-- Estructura de tabla para la tabla `dim_facultad`
--

CREATE TABLE `dim_facultad` (
  `id` int(11) NOT NULL,
  `codigo` varchar(100) NOT NULL,
  `nombre` varchar(100) NOT NULL,
  `created_date` timestamp NOT NULL DEFAULT CURRENT_TIMESTAMP,
  `updated_date` timestamp NOT NULL DEFAULT CURRENT_TIMESTAMP ON UPDATE CURRENT_TIMESTAMP
) ENGINE=InnoDB DEFAULT CHARSET=latin1;

--
-- Volcado de datos para la tabla `dim_facultad`
--

INSERT INTO `dim_facultad` (`id`, `codigo`, `nombre`, `created_date`, `updated_date`) VALUES
(57, 'INGENIERIA', 'Ingeniería', '2018-10-18 19:46:57', '2018-11-10 01:44:39'),
(58, 'FCJP', 'Ciencias Jurídicas y Políticas', '2018-10-18 19:46:57', '2018-11-10 01:44:30'),
(59, 'FCS', 'Ciencias de la Salud', '2018-10-18 19:46:57', '2018-11-10 01:44:50'),
(60, 'FACES', 'Ciencias Económicas y Sociales', '2018-10-18 19:46:57', '2018-11-10 01:45:11'),
(61, 'FACE', 'Ciencias de la Educación', '2018-10-18 19:46:57', '2018-11-10 01:45:03'),
(62, 'ODONTOLOGIA', 'Odontología', '2018-10-18 19:46:57', '2018-11-10 01:44:17'),
(64, 'FACYT', 'Ciencias y Tecnología', '2018-10-18 19:46:57', '2018-11-10 01:43:57');

-- --------------------------------------------------------

--
-- Estructura de tabla para la tabla `dim_genero`
--

CREATE TABLE `dim_genero` (
  `id` int(11) NOT NULL,
  `codigo` varchar(100) NOT NULL
) ENGINE=InnoDB DEFAULT CHARSET=latin1;

--
-- Volcado de datos para la tabla `dim_genero`
--

INSERT INTO `dim_genero` (`id`, `codigo`) VALUES
(7, 'Femenino'),
(6, 'Masculino');

-- --------------------------------------------------------

--
-- Estructura de tabla para la tabla `dim_nacionalidad`
--

CREATE TABLE `dim_nacionalidad` (
  `id` int(11) NOT NULL,
  `codigo` varchar(100) NOT NULL
) ENGINE=InnoDB DEFAULT CHARSET=latin1;

--
-- Volcado de datos para la tabla `dim_nacionalidad`
--

INSERT INTO `dim_nacionalidad` (`id`, `codigo`) VALUES
(13, 'Venezolano'),
(14, 'Extranjero');

-- --------------------------------------------------------

--
-- Estructura de tabla para la tabla `dim_nivel`
--

CREATE TABLE `dim_nivel` (
  `id` int(11) NOT NULL,
  `codigo` varchar(100) NOT NULL,
  `fecha_creacion` timestamp NOT NULL DEFAULT CURRENT_TIMESTAMP,
  `fecha_actualizacion` timestamp NOT NULL DEFAULT CURRENT_TIMESTAMP ON UPDATE CURRENT_TIMESTAMP
) ENGINE=InnoDB DEFAULT CHARSET=latin1;

--
-- Volcado de datos para la tabla `dim_nivel`
--

INSERT INTO `dim_nivel` (`id`, `codigo`, `fecha_creacion`, `fecha_actualizacion`) VALUES
(1, 'Pregrado', '2018-10-30 18:40:38', '2018-10-30 18:40:38'),
(2, 'Postgrado', '2018-10-30 18:40:38', '2018-10-30 18:40:38'),
(3, 'Maestria', '2018-10-30 18:40:52', '2018-10-30 18:40:52'),
(4, 'Doctorado', '2018-10-30 18:40:52', '2018-10-30 18:40:52'),
(5, 'Especializacion', '2018-10-30 18:42:05', '2018-10-30 18:42:05');

-- --------------------------------------------------------

--
-- Estructura de tabla para la tabla `dim_otroestudio`
--

CREATE TABLE `dim_otroestudio` (
  `id` int(11) NOT NULL,
  `codigo` varchar(100) NOT NULL,
  `nombre_titulo` varchar(100) NOT NULL,
  `fecha_creacion` timestamp NOT NULL DEFAULT CURRENT_TIMESTAMP,
  `fecha_actualizacion` timestamp NOT NULL DEFAULT CURRENT_TIMESTAMP ON UPDATE CURRENT_TIMESTAMP
) ENGINE=InnoDB DEFAULT CHARSET=latin1;

-- --------------------------------------------------------

--
-- Estructura de tabla para la tabla `dim_patentes`
--

CREATE TABLE `dim_patentes` (
  `id` int(11) NOT NULL,
  `codigo` varchar(100) NOT NULL,
  `titulo` varchar(100) NOT NULL,
  `descripcion` varchar(500) NOT NULL,
  `numero` varchar(100) NOT NULL,
  `inventores` varchar(150) NOT NULL,
  `fecha` date NOT NULL,
  `url` varchar(300) NOT NULL,
  `fecha_creacion` timestamp NOT NULL DEFAULT CURRENT_TIMESTAMP,
  `fecha_actualizacion` timestamp NOT NULL DEFAULT CURRENT_TIMESTAMP ON UPDATE CURRENT_TIMESTAMP
) ENGINE=InnoDB DEFAULT CHARSET=latin1;

--
-- Volcado de datos para la tabla `dim_patentes`
--

INSERT INTO `dim_patentes` (`id`, `codigo`, `titulo`, `descripcion`, `numero`, `inventores`, `fecha`, `url`, `fecha_creacion`, `fecha_actualizacion`) VALUES
(5, '1', 'Patente1', 'Descripcion Patente1', '5151', 'inventor1, inventor2, inventor3', '2018-07-10', 'url', '2018-10-29 23:42:33', '2018-10-29 23:42:33'),
(6, '2', 'Patente2', 'Descripcion Patente1', '987874', 'inventor1, inventor2, inventor3', '2018-07-10', 'url', '2018-10-29 23:42:33', '2018-10-29 23:42:33');

-- --------------------------------------------------------

--
-- Estructura de tabla para la tabla `dim_premio`
--

CREATE TABLE `dim_premio` (
  `id` int(11) NOT NULL,
  `codigo` varchar(100) NOT NULL,
  `nombre` varchar(100) NOT NULL,
  `fecha_creacion` timestamp NOT NULL DEFAULT CURRENT_TIMESTAMP,
  `fecha_actualizacion` timestamp NOT NULL DEFAULT CURRENT_TIMESTAMP ON UPDATE CURRENT_TIMESTAMP
) ENGINE=InnoDB DEFAULT CHARSET=latin1;

--
-- Volcado de datos para la tabla `dim_premio`
--

INSERT INTO `dim_premio` (`id`, `codigo`, `nombre`, `fecha_creacion`, `fecha_actualizacion`) VALUES
(1, '1', 'Mejor programador 2018', '2018-11-28 14:42:41', '2018-11-28 14:42:41'),
(2, '2', 'Mejor programador 2017', '2018-11-28 14:42:41', '2018-11-28 14:42:41'),
(3, '3', 'Mejor docente 2018', '2018-11-28 14:42:41', '2018-11-28 14:42:41'),
(4, '4', 'PREMIO', '2018-11-28 17:55:43', '2018-11-28 17:55:43');

-- --------------------------------------------------------

--
-- Estructura de tabla para la tabla `dim_proyecto`
--

CREATE TABLE `dim_proyecto` (
  `id` int(11) NOT NULL,
  `codigo` varchar(100) NOT NULL,
  `titulo` varchar(100) NOT NULL,
  `fecha_creacion` timestamp NOT NULL DEFAULT CURRENT_TIMESTAMP,
  `fecha_actualizacion` timestamp NOT NULL DEFAULT CURRENT_TIMESTAMP ON UPDATE CURRENT_TIMESTAMP
) ENGINE=InnoDB DEFAULT CHARSET=latin1;

--
-- Volcado de datos para la tabla `dim_proyecto`
--

INSERT INTO `dim_proyecto` (`id`, `codigo`, `titulo`, `fecha_creacion`, `fecha_actualizacion`) VALUES
(1, '1', 'Desarrollo de aplicaciones', '2018-11-28 17:55:43', '2018-11-28 17:55:43'),
(2, '2', 'modificacion de sw del ps4', '2018-11-28 17:55:43', '2018-11-28 17:55:43'),
(3, '3', 'dddd', '2018-11-28 17:55:43', '2018-11-28 17:55:43');

-- --------------------------------------------------------

--
-- Estructura de tabla para la tabla `dim_publicacion`
--

CREATE TABLE `dim_publicacion` (
  `id` int(11) NOT NULL,
  `codigo` varchar(100) NOT NULL,
  `titulo_publicacion` varchar(100) NOT NULL,
  `url_citacion` varchar(300) NOT NULL,
  `url_publicacion` varchar(300) NOT NULL,
  `fecha_creacion` timestamp NOT NULL DEFAULT CURRENT_TIMESTAMP,
  `fecha_actualizacion` timestamp NOT NULL DEFAULT CURRENT_TIMESTAMP ON UPDATE CURRENT_TIMESTAMP
) ENGINE=InnoDB DEFAULT CHARSET=latin1;

--
-- Volcado de datos para la tabla `dim_publicacion`
--

INSERT INTO `dim_publicacion` (`id`, `codigo`, `titulo_publicacion`, `url_citacion`, `url_publicacion`, `fecha_creacion`, `fecha_actualizacion`) VALUES
(62, '3', 'holas', 'no tiene link', 'no tiene link', '2018-11-28 14:42:41', '2018-11-28 14:42:41'),
(63, '4', 'jjj', 'no tiene link', 'no tiene link', '2018-11-28 14:42:41', '2018-11-28 14:42:41'),
(64, '5', '1111', 'no tiene link', 'no tiene link', '2018-11-28 14:42:41', '2018-11-28 14:42:41'),
(65, '1', 'NASPI: Una notación algorítmica estándar para programación imperativa', 'http://scholar.google.com/scholar?cites=14492336947338465586&as_sdt=2005&sciodt=0,5&hl=en', 'http://www.redalyc.org/html/784/78414496004/', '2018-11-28 14:42:41', '2018-11-28 14:42:41'),
(66, '2', 'Informe de Pasantías', 'Ningun link', 'http://portal.facyt.uc.edu.ve/pasantias/informes/P6624716.pdf', '2018-11-28 14:42:41', '2018-11-28 14:42:41'),
(67, '6', '55', 'Ningun link', 'http://scholar.google.com/https://www.researchgate.net/profile/Daniel_Rosquete/publication/263273010_Adaptacion_del_DRIVER_de_la_tarjeta_de_red_D-LINK_DGE-530T_para_GAMMA/links/558816a208ae1dfa49d22c2f/Adaptacion-del-DRIVER-de-la-tarjeta-de-red-D-LINK-DGE-530T-para-GAMMA.pdf', '2018-11-28 14:42:41', '2018-11-28 14:42:41');

-- --------------------------------------------------------

--
-- Estructura de tabla para la tabla `dim_status`
--

CREATE TABLE `dim_status` (
  `id` int(11) NOT NULL,
  `codigo` varchar(100) NOT NULL
) ENGINE=InnoDB DEFAULT CHARSET=latin1;

--
-- Volcado de datos para la tabla `dim_status`
--

INSERT INTO `dim_status` (`id`, `codigo`) VALUES
(1, 'Activo'),
(2, 'Inactivo'),
(3, 'Active'),
(4, 'Inactivo'),
(5, 'Active'),
(6, 'Inactivo'),
(7, 'Active'),
(8, 'Inactivo'),
(9, 'Active'),
(10, 'Inactivo'),
(11, 'Active'),
(12, 'Inactivo'),
(13, 'Active'),
(14, 'Inactivo'),
(15, 'Active'),
(16, 'Inactivo'),
(17, 'Active'),
(18, 'Inactivo'),
(19, 'Active'),
(20, 'Inactivo'),
(21, 'Active'),
(22, 'Inactivo'),
(23, 'Active'),
(24, 'Inactivo'),
(25, 'Active'),
(26, 'Inactivo'),
(27, 'Active'),
(28, 'Inactivo'),
(29, 'Active'),
(30, 'Inactivo'),
(31, 'Active'),
(32, 'Inactivo'),
(33, 'Active'),
(34, 'Inactivo'),
(35, 'Active'),
(36, 'Inactivo'),
(37, 'Active'),
(38, 'Inactivo'),
(39, 'Active'),
(40, 'Inactivo'),
(41, 'Active'),
(42, 'Inactivo'),
(43, 'Active'),
(44, 'Inactivo'),
(45, 'Active'),
(46, 'Inactivo'),
(47, 'Active'),
(48, 'Inactivo'),
(49, 'Active'),
(50, 'Inactivo'),
(51, 'Active'),
(52, 'Inactivo'),
(53, 'Active'),
(54, 'Inactivo'),
(55, 'Active'),
(56, 'Inactivo'),
(57, 'Active'),
(58, 'Inactivo'),
(59, 'Active'),
(60, 'Inactivo'),
(61, 'Active'),
(62, 'Inactivo'),
(63, 'Active'),
(64, 'Inactivo'),
(65, 'Active'),
(66, 'Inactivo'),
(67, 'Active'),
(68, 'Inactivo'),
(69, 'Active'),
(70, 'Inactivo'),
(71, 'Active'),
(72, 'Inactivo'),
(73, 'Active'),
(74, 'Inactivo'),
(75, 'Active'),
(76, 'Inactivo'),
(77, 'Active'),
(78, 'Inactivo'),
(79, 'Active'),
(80, 'Inactivo'),
(81, 'Active'),
(82, 'Inactivo'),
(83, 'Active'),
(84, 'Inactivo'),
(85, 'Active'),
(86, 'Inactivo'),
(87, 'Active'),
(88, 'Inactivo'),
(89, 'Active'),
(90, 'Inactivo'),
(91, 'Active'),
(92, 'Inactivo'),
(93, 'Active'),
(94, 'Inactivo'),
(95, 'Active'),
(96, 'Inactivo'),
(97, 'Active'),
(98, 'Inactivo'),
(99, 'Active'),
(100, 'Inactivo'),
(101, 'Active'),
(102, 'Inactivo'),
(103, 'Active'),
(104, 'Inactivo'),
(105, 'Active'),
(106, 'Inactivo'),
(107, 'Active'),
(108, 'Inactivo'),
(109, 'Active'),
(110, 'Inactivo'),
(111, 'Active'),
(112, 'Inactivo'),
(113, 'Active'),
(114, 'Inactivo'),
(115, 'Active'),
(116, 'Inactivo'),
(117, 'Active'),
(118, 'Inactivo'),
(119, 'Active'),
(120, 'Inactivo'),
(121, 'Active'),
(122, 'Inactivo'),
(123, 'Active'),
(124, 'Inactivo'),
(125, 'Active'),
(126, 'Inactivo'),
(127, 'Active'),
(128, 'Inactivo'),
(129, 'Active'),
(130, 'Inactivo'),
(131, 'Active'),
(132, 'Inactivo'),
(133, 'Active'),
(134, 'Inactivo');

-- --------------------------------------------------------

--
-- Estructura de tabla para la tabla `dim_tiempo`
--

CREATE TABLE `dim_tiempo` (
  `id` int(11) NOT NULL,
  `codigo` int(11) NOT NULL
) ENGINE=InnoDB DEFAULT CHARSET=latin1;

--
-- Volcado de datos para la tabla `dim_tiempo`
--

INSERT INTO `dim_tiempo` (`id`, `codigo`) VALUES
(324, 1892),
(325, 1893),
(326, 1894),
(327, 1895),
(328, 1896),
(329, 1897),
(330, 1898),
(331, 1899),
(332, 1900),
(333, 1901),
(334, 1902),
(335, 1903),
(336, 1904),
(337, 1905),
(338, 1906),
(339, 1907),
(340, 1908),
(341, 1909),
(342, 1910),
(343, 1911),
(344, 1912),
(345, 1913),
(346, 1914),
(347, 1915),
(348, 1916),
(349, 1917),
(350, 1918),
(351, 1919),
(352, 1920),
(353, 1921),
(354, 1922),
(355, 1923),
(356, 1924),
(357, 1925),
(358, 1926),
(359, 1927),
(360, 1928),
(361, 1929),
(362, 1930),
(363, 1931),
(364, 1932),
(365, 1933),
(366, 1934),
(367, 1935),
(368, 1936),
(369, 1937),
(370, 1938),
(371, 1939),
(372, 1940),
(373, 1941),
(374, 1942),
(375, 1943),
(376, 1944),
(377, 1945),
(378, 1946),
(379, 1947),
(380, 1948),
(381, 1949),
(382, 1950),
(383, 1951),
(384, 1952),
(385, 1953),
(386, 1954),
(387, 1955),
(388, 1956),
(389, 1957),
(390, 1958),
(391, 1959),
(392, 1960),
(393, 1961),
(394, 1962),
(395, 1963),
(396, 1964),
(397, 1965),
(398, 1966),
(399, 1967),
(400, 1968),
(401, 1969),
(402, 1970),
(403, 1971),
(404, 1972),
(405, 1973),
(406, 1974),
(407, 1975),
(408, 1976),
(409, 1977),
(410, 1978),
(411, 1979),
(412, 1980),
(413, 1981),
(414, 1982),
(415, 1983),
(416, 1984),
(417, 1985),
(418, 1986),
(419, 1987),
(420, 1988),
(421, 1989),
(422, 1990),
(423, 1991),
(424, 1992),
(425, 1993),
(426, 1994),
(427, 1995),
(428, 1996),
(429, 1997),
(430, 1998),
(431, 1999),
(432, 2000),
(433, 2001),
(434, 2002),
(435, 2003),
(436, 2004),
(437, 2005),
(438, 2006),
(439, 2007),
(440, 2008),
(441, 2009),
(442, 2010),
(443, 2011),
(444, 2012),
(445, 2013),
(446, 2014),
(447, 2015),
(448, 2016),
(449, 2017),
(450, 2018),
(451, 2019),
(452, 2020),
(453, 2021),
(454, 2022),
(455, 2023),
(456, 2024),
(457, 2025),
(458, 2026),
(459, 2027),
(460, 2028),
(461, 2029),
(462, 2030),
(463, 2031),
(464, 2032),
(465, 2033),
(466, 2034),
(467, 2035),
(468, 2036),
(469, 2037),
(470, 2038),
(471, 2039),
(472, 2040),
(473, 2041),
(474, 2042),
(475, 2043),
(476, 2044),
(477, 2045),
(478, 2046),
(479, 2047),
(480, 2048),
(481, 2049);

-- --------------------------------------------------------

--
-- Estructura de tabla para la tabla `dim_tipo_docente`
--

CREATE TABLE `dim_tipo_docente` (
  `id` int(11) NOT NULL,
  `codigo` varchar(100) NOT NULL,
  `fecha_creacion` timestamp NOT NULL DEFAULT CURRENT_TIMESTAMP,
  `fecha_actualizacion` timestamp NOT NULL DEFAULT CURRENT_TIMESTAMP ON UPDATE CURRENT_TIMESTAMP
) ENGINE=InnoDB DEFAULT CHARSET=latin1;

--
-- Volcado de datos para la tabla `dim_tipo_docente`
--

INSERT INTO `dim_tipo_docente` (`id`, `codigo`, `fecha_creacion`, `fecha_actualizacion`) VALUES
(4, 'Investigador', '2018-10-30 02:29:16', '2018-11-10 02:21:41'),
(5, 'Contratado', '2018-10-30 02:29:16', '2018-11-10 02:21:50'),
(6, 'Normal', '2018-11-09 19:02:43', '2018-11-09 19:02:43');

-- --------------------------------------------------------

--
-- Estructura de tabla para la tabla `dim_tipo_estudiante`
--

CREATE TABLE `dim_tipo_estudiante` (
  `id` int(11) NOT NULL,
  `codigo` varchar(100) NOT NULL
) ENGINE=InnoDB DEFAULT CHARSET=latin1;

--
-- Volcado de datos para la tabla `dim_tipo_estudiante`
--

INSERT INTO `dim_tipo_estudiante` (`id`, `codigo`) VALUES
(2, 'Postgrado'),
(1, 'Pregrado');

-- --------------------------------------------------------

--
-- Estructura de tabla para la tabla `dim_titulo`
--

CREATE TABLE `dim_titulo` (
  `id` int(11) NOT NULL,
  `codigo` varchar(100) NOT NULL,
  `nombre` varchar(100) NOT NULL,
  `fecha_creacion` timestamp NOT NULL DEFAULT CURRENT_TIMESTAMP,
  `fecha_actualizacion` timestamp NOT NULL DEFAULT CURRENT_TIMESTAMP ON UPDATE CURRENT_TIMESTAMP
) ENGINE=InnoDB DEFAULT CHARSET=latin1;

--
-- Volcado de datos para la tabla `dim_titulo`
--

INSERT INTO `dim_titulo` (`id`, `codigo`, `nombre`, `fecha_creacion`, `fecha_actualizacion`) VALUES
(33, '1', 'ingeniero', '2018-11-28 02:53:09', '2018-11-28 02:53:09'),
(34, '2', 'lincenciado', '2018-11-28 02:53:09', '2018-11-28 02:53:09');

-- --------------------------------------------------------

--
-- Estructura de tabla para la tabla `dim_trabajos`
--

CREATE TABLE `dim_trabajos` (
  `id` int(11) NOT NULL,
  `codigo` varchar(100) NOT NULL,
  `nombre_empresa` varchar(100) NOT NULL,
  `cargo` varchar(100) NOT NULL,
  `descripcion` varchar(500) NOT NULL,
  `url` varchar(300) NOT NULL,
  `fecha` date NOT NULL,
  `fecha_creacion` timestamp NULL DEFAULT CURRENT_TIMESTAMP,
  `fecha_actualizacion` timestamp NOT NULL DEFAULT CURRENT_TIMESTAMP ON UPDATE CURRENT_TIMESTAMP
) ENGINE=InnoDB DEFAULT CHARSET=latin1;

--
-- Volcado de datos para la tabla `dim_trabajos`
--

INSERT INTO `dim_trabajos` (`id`, `codigo`, `nombre_empresa`, `cargo`, `descripcion`, `url`, `fecha`, `fecha_creacion`, `fecha_actualizacion`) VALUES
(10, '1', 'Intelix', 'Programador web', 'descripcion', 'url', '2018-09-22', '2018-11-28 21:02:54', '2018-12-03 20:53:00'),
(11, '2', 'Promotora Tantalo', 'Programador web', 'descripcion', 'url', '2018-09-22', '2018-11-28 21:02:54', '2018-12-03 20:53:00'),
(12, '3', 'Sofos', 'Programador web', 'descripcion', 'url', '2018-09-22', '2018-11-28 21:02:54', '2018-12-03 20:53:00');

-- --------------------------------------------------------

--
-- Estructura de tabla para la tabla `dim_voluntariado`
--

CREATE TABLE `dim_voluntariado` (
  `id` int(11) NOT NULL,
  `codigo` varchar(100) NOT NULL,
  `organizacion` varchar(100) NOT NULL,
  `descripcion` varchar(500) NOT NULL,
  `causa` varchar(300) NOT NULL,
  `fecha_creacion` timestamp NOT NULL DEFAULT CURRENT_TIMESTAMP,
  `fecha_actualizacion` timestamp NOT NULL DEFAULT CURRENT_TIMESTAMP ON UPDATE CURRENT_TIMESTAMP
) ENGINE=InnoDB DEFAULT CHARSET=latin1;

--
-- Volcado de datos para la tabla `dim_voluntariado`
--

INSERT INTO `dim_voluntariado` (`id`, `codigo`, `organizacion`, `descripcion`, `causa`, `fecha_creacion`, `fecha_actualizacion`) VALUES
(5, '1', 'Organizacion1', 'descripcion', 'una causa ahi', '2018-10-29 23:42:33', '2018-10-29 23:42:33'),
(6, '2', 'Organizacion2', 'descripcion', 'una causa ahi2', '2018-10-29 23:42:33', '2018-10-29 23:42:33'),
(7, '3', 'Organizacion3', 'descripcion', 'una causa ahi2', '2018-10-29 23:42:33', '2018-10-29 23:42:33'),
(8, '4', 'Organizacion4', 'descripcion', 'una causa ahi4', '2018-10-29 23:42:33', '2018-10-29 23:42:33');

-- --------------------------------------------------------

--
-- Estructura de tabla para la tabla `fact_docente_facultad`
--

CREATE TABLE `fact_docente_facultad` (
  `id` int(11) NOT NULL,
  `id_docente` int(11) NOT NULL,
  `id_genero` int(11) NOT NULL,
  `id_tipo_docente` int(11) NOT NULL,
  `id_escalafon` int(11) NOT NULL,
  `id_facultad` int(11) DEFAULT NULL,
  `id_nacionalidad` int(11) NOT NULL,
  `cantidad` int(11) NOT NULL DEFAULT '1',
  `fecha_creacion` timestamp NOT NULL DEFAULT CURRENT_TIMESTAMP,
  `fecha_actualizacion` timestamp NOT NULL DEFAULT CURRENT_TIMESTAMP ON UPDATE CURRENT_TIMESTAMP
) ENGINE=InnoDB DEFAULT CHARSET=latin1;

--
-- Volcado de datos para la tabla `fact_docente_facultad`
--

INSERT INTO `fact_docente_facultad` (`id`, `id_docente`, `id_genero`, `id_tipo_docente`, `id_escalafon`, `id_facultad`, `id_nacionalidad`, `cantidad`, `fecha_creacion`, `fecha_actualizacion`) VALUES
(309, 371, 6, 4, 6, 60, 14, 1, '2018-11-28 14:42:41', '2018-11-28 14:42:41'),
(310, 372, 7, 5, 6, 60, 13, 1, '2018-11-28 14:42:41', '2018-11-28 14:42:41'),
(311, 373, 7, 4, 8, 60, 13, 1, '2018-11-28 14:42:41', '2018-11-28 14:42:41'),
(312, 374, 7, 6, 8, 60, 14, 1, '2018-11-28 14:42:41', '2018-11-28 14:42:41'),
(313, 375, 6, 6, 6, 60, 13, 1, '2018-11-28 14:42:41', '2018-11-28 14:42:41'),
(314, 376, 7, 4, 6, 60, 13, 1, '2018-11-28 14:42:41', '2018-11-28 14:42:41'),
(315, 377, 7, 4, 6, 60, 13, 1, '2018-11-28 14:42:41', '2018-11-28 14:42:41'),
(316, 378, 7, 4, 6, 60, 13, 1, '2018-11-28 14:42:41', '2018-11-28 14:42:41'),
(317, 379, 7, 4, 6, 60, 13, 1, '2018-11-28 14:42:41', '2018-11-28 14:42:41'),
(318, 380, 7, 4, 6, 60, 13, 1, '2018-11-28 14:42:41', '2018-11-28 14:42:41'),
(319, 381, 6, 4, 6, 64, 14, 1, '2018-11-28 14:42:41', '2018-11-28 14:42:41'),
(320, 382, 7, 5, 6, 64, 13, 1, '2018-11-28 14:42:41', '2018-11-28 14:42:41'),
(321, 383, 7, 4, 8, 64, 13, 1, '2018-11-28 14:42:41', '2018-11-28 14:42:41'),
(322, 384, 7, 6, 8, 64, 14, 1, '2018-11-28 14:42:41', '2018-11-28 14:42:41'),
(323, 385, 6, 6, 6, 64, 13, 1, '2018-11-28 14:42:41', '2018-11-28 14:42:41'),
(324, 386, 7, 4, 6, 64, 13, 1, '2018-11-28 14:42:41', '2018-11-28 14:42:41'),
(325, 387, 7, 4, 6, 64, 13, 1, '2018-11-28 14:42:41', '2018-11-28 14:42:41'),
(326, 388, 7, 4, 6, 64, 13, 1, '2018-11-28 14:42:41', '2018-11-28 14:42:41'),
(327, 389, 7, 4, 6, 64, 13, 1, '2018-11-28 14:42:41', '2018-11-28 14:42:41'),
(328, 390, 7, 4, 6, 64, 13, 1, '2018-11-28 14:42:41', '2018-11-28 14:42:41');

-- --------------------------------------------------------

--
-- Estructura de tabla para la tabla `fact_docente_otroestudio`
--

CREATE TABLE `fact_docente_otroestudio` (
  `id` int(11) NOT NULL,
  `id_docente` int(11) NOT NULL,
  `id_otroestudio` int(11) NOT NULL,
  `cantidad` int(11) NOT NULL DEFAULT '1',
  `fecha_creacion` timestamp NOT NULL DEFAULT CURRENT_TIMESTAMP,
  `fecha_actualizacion` timestamp NOT NULL DEFAULT CURRENT_TIMESTAMP ON UPDATE CURRENT_TIMESTAMP
) ENGINE=InnoDB DEFAULT CHARSET=latin1;

-- --------------------------------------------------------

--
-- Estructura de tabla para la tabla `fact_docente_premio`
--

CREATE TABLE `fact_docente_premio` (
  `id` int(11) NOT NULL,
  `id_docente` int(11) NOT NULL,
  `id_premio` int(11) NOT NULL,
  `cantidad` int(11) NOT NULL DEFAULT '1',
  `fecha_creacion` timestamp NOT NULL DEFAULT CURRENT_TIMESTAMP,
  `fecha_actualizacion` timestamp NOT NULL DEFAULT CURRENT_TIMESTAMP ON UPDATE CURRENT_TIMESTAMP
) ENGINE=InnoDB DEFAULT CHARSET=latin1;

--
-- Volcado de datos para la tabla `fact_docente_premio`
--

INSERT INTO `fact_docente_premio` (`id`, `id_docente`, `id_premio`, `cantidad`, `fecha_creacion`, `fecha_actualizacion`) VALUES
(32, 381, 1, 1, '2018-11-28 17:56:23', '2018-11-28 17:56:23'),
(33, 382, 2, 1, '2018-11-28 17:56:23', '2018-11-28 17:56:23'),
(34, 386, 3, 1, '2018-11-28 17:56:23', '2018-11-28 17:56:23'),
(35, 371, 1, 1, '2018-11-28 17:56:23', '2018-11-28 17:56:23'),
(36, 372, 2, 1, '2018-11-28 17:56:23', '2018-11-28 17:56:23'),
(37, 376, 3, 1, '2018-11-28 17:56:23', '2018-11-28 17:56:23');

-- --------------------------------------------------------

--
-- Estructura de tabla para la tabla `fact_docente_proyecto`
--

CREATE TABLE `fact_docente_proyecto` (
  `id` int(11) NOT NULL,
  `id_docente` int(11) NOT NULL,
  `id_proyecto` int(11) NOT NULL,
  `cantidad` int(11) NOT NULL DEFAULT '1',
  `fecha_creacion` timestamp NOT NULL DEFAULT CURRENT_TIMESTAMP,
  `fecha_actualizacion` timestamp NOT NULL DEFAULT CURRENT_TIMESTAMP ON UPDATE CURRENT_TIMESTAMP
) ENGINE=InnoDB DEFAULT CHARSET=latin1;

--
-- Volcado de datos para la tabla `fact_docente_proyecto`
--

INSERT INTO `fact_docente_proyecto` (`id`, `id_docente`, `id_proyecto`, `cantidad`, `fecha_creacion`, `fecha_actualizacion`) VALUES
(17, 381, 1, 1, '2018-11-28 17:56:23', '2018-11-28 17:56:23'),
(18, 381, 2, 1, '2018-11-28 17:56:24', '2018-11-28 17:56:24'),
(19, 381, 3, 1, '2018-11-28 17:56:24', '2018-11-28 17:56:24'),
(20, 382, 1, 1, '2018-11-28 17:56:24', '2018-11-28 17:56:24'),
(21, 383, 1, 1, '2018-11-28 17:56:24', '2018-11-28 17:56:24'),
(22, 384, 1, 1, '2018-11-28 17:56:24', '2018-11-28 17:56:24'),
(23, 385, 1, 1, '2018-11-28 17:56:24', '2018-11-28 17:56:24'),
(24, 386, 1, 1, '2018-11-28 17:56:24', '2018-11-28 17:56:24'),
(25, 371, 1, 1, '2018-11-28 17:56:24', '2018-11-28 17:56:24'),
(26, 371, 2, 1, '2018-11-28 17:56:24', '2018-11-28 17:56:24'),
(27, 371, 3, 1, '2018-11-28 17:56:24', '2018-11-28 17:56:24'),
(28, 372, 1, 1, '2018-11-28 17:56:24', '2018-11-28 17:56:24'),
(29, 373, 1, 1, '2018-11-28 17:56:24', '2018-11-28 17:56:24'),
(30, 374, 1, 1, '2018-11-28 17:56:24', '2018-11-28 17:56:24'),
(31, 375, 1, 1, '2018-11-28 17:56:24', '2018-11-28 17:56:24'),
(32, 376, 1, 1, '2018-11-28 17:56:24', '2018-11-28 17:56:24');

-- --------------------------------------------------------

--
-- Estructura de tabla para la tabla `fact_docente_publicacion`
--

CREATE TABLE `fact_docente_publicacion` (
  `id` int(11) NOT NULL,
  `id_docente` int(11) NOT NULL,
  `id_publicacion` int(11) NOT NULL,
  `id_facultad` int(11) NOT NULL,
  `cantidad_citas` int(11) NOT NULL DEFAULT '0',
  `cantidad` int(11) NOT NULL DEFAULT '1',
  `fecha_creacion` timestamp NOT NULL DEFAULT CURRENT_TIMESTAMP,
  `fecha_actualizacion` timestamp NOT NULL DEFAULT CURRENT_TIMESTAMP ON UPDATE CURRENT_TIMESTAMP
) ENGINE=InnoDB DEFAULT CHARSET=latin1;

--
-- Volcado de datos para la tabla `fact_docente_publicacion`
--

INSERT INTO `fact_docente_publicacion` (`id`, `id_docente`, `id_publicacion`, `id_facultad`, `cantidad_citas`, `cantidad`, `fecha_creacion`, `fecha_actualizacion`) VALUES
(1777, 381, 65, 64, 3, 1, '2018-11-28 17:56:24', '2018-11-28 17:56:24'),
(1778, 381, 66, 64, 0, 1, '2018-11-28 17:56:24', '2018-11-28 17:56:24'),
(1779, 381, 62, 64, 0, 1, '2018-11-28 17:56:24', '2018-11-28 17:56:24'),
(1780, 381, 63, 64, 0, 1, '2018-11-28 17:56:24', '2018-11-28 17:56:24'),
(1781, 381, 64, 64, 0, 1, '2018-11-28 17:56:24', '2018-11-28 17:56:24'),
(1782, 382, 65, 64, 3, 1, '2018-11-28 17:56:24', '2018-11-28 17:56:24'),
(1783, 371, 65, 60, 3, 1, '2018-11-28 17:56:24', '2018-11-28 17:56:24'),
(1784, 371, 66, 60, 0, 1, '2018-11-28 17:56:24', '2018-11-28 17:56:24'),
(1785, 371, 62, 60, 0, 1, '2018-11-28 17:56:24', '2018-11-28 17:56:24'),
(1786, 371, 63, 60, 0, 1, '2018-11-28 17:56:24', '2018-11-28 17:56:24'),
(1787, 371, 64, 60, 0, 1, '2018-11-28 17:56:24', '2018-11-28 17:56:24'),
(1788, 372, 65, 60, 3, 1, '2018-11-28 17:56:24', '2018-11-28 17:56:24'),
(1789, 372, 67, 60, 0, 1, '2018-11-28 17:56:24', '2018-11-28 17:56:24'),
(1790, 382, 67, 64, 0, 1, '2018-11-28 17:56:24', '2018-11-28 17:56:24');

-- --------------------------------------------------------

--
-- Estructura de tabla para la tabla `fact_docente_titulo`
--

CREATE TABLE `fact_docente_titulo` (
  `id` int(11) NOT NULL,
  `id_docente` int(11) NOT NULL,
  `id_titulo` int(11) NOT NULL,
  `id_nivel` int(11) NOT NULL,
  `cantidad` int(11) NOT NULL DEFAULT '1',
  `fecha_creacion` timestamp NOT NULL DEFAULT CURRENT_TIMESTAMP,
  `fecha_actualizacion` timestamp NOT NULL DEFAULT CURRENT_TIMESTAMP ON UPDATE CURRENT_TIMESTAMP
) ENGINE=InnoDB DEFAULT CHARSET=latin1;

--
-- Volcado de datos para la tabla `fact_docente_titulo`
--

INSERT INTO `fact_docente_titulo` (`id`, `id_docente`, `id_titulo`, `id_nivel`, `cantidad`, `fecha_creacion`, `fecha_actualizacion`) VALUES
(3573, 381, 33, 1, 1, '2018-11-28 17:56:24', '2018-11-28 17:56:24'),
(3574, 381, 34, 4, 1, '2018-11-28 17:56:24', '2018-11-28 17:56:24'),
(3575, 382, 33, 1, 1, '2018-11-28 17:56:24', '2018-11-28 17:56:24'),
(3576, 383, 33, 1, 1, '2018-11-28 17:56:24', '2018-11-28 17:56:24'),
(3577, 384, 33, 1, 1, '2018-11-28 17:56:24', '2018-11-28 17:56:24'),
(3578, 384, 34, 4, 1, '2018-11-28 17:56:24', '2018-11-28 17:56:24'),
(3579, 385, 33, 1, 1, '2018-11-28 17:56:24', '2018-11-28 17:56:24'),
(3580, 385, 34, 4, 1, '2018-11-28 17:56:24', '2018-11-28 17:56:24'),
(3581, 386, 33, 1, 1, '2018-11-28 17:56:24', '2018-11-28 17:56:24'),
(3582, 386, 34, 4, 1, '2018-11-28 17:56:24', '2018-11-28 17:56:24'),
(3583, 387, 33, 1, 1, '2018-11-28 17:56:24', '2018-11-28 17:56:24'),
(3584, 388, 33, 1, 1, '2018-11-28 17:56:24', '2018-11-28 17:56:24'),
(3585, 371, 33, 1, 1, '2018-11-28 17:56:24', '2018-11-28 17:56:24'),
(3586, 371, 34, 4, 1, '2018-11-28 17:56:24', '2018-11-28 17:56:24'),
(3587, 372, 33, 1, 1, '2018-11-28 17:56:24', '2018-11-28 17:56:24'),
(3588, 373, 33, 1, 1, '2018-11-28 17:56:24', '2018-11-28 17:56:24'),
(3589, 374, 33, 1, 1, '2018-11-28 17:56:24', '2018-11-28 17:56:24'),
(3590, 374, 34, 4, 1, '2018-11-28 17:56:24', '2018-11-28 17:56:24'),
(3591, 375, 33, 1, 1, '2018-11-28 17:56:24', '2018-11-28 17:56:24'),
(3592, 375, 34, 4, 1, '2018-11-28 17:56:24', '2018-11-28 17:56:24'),
(3593, 376, 33, 1, 1, '2018-11-28 17:56:24', '2018-11-28 17:56:24'),
(3594, 376, 34, 4, 1, '2018-11-28 17:56:24', '2018-11-28 17:56:24'),
(3595, 377, 33, 1, 1, '2018-11-28 17:56:24', '2018-11-28 17:56:24'),
(3596, 378, 33, 1, 1, '2018-11-28 17:56:24', '2018-11-28 17:56:24'),
(3597, 379, 33, 1, 1, '2018-11-28 17:56:24', '2018-11-28 17:56:24'),
(3598, 380, 33, 1, 1, '2018-11-28 17:56:24', '2018-11-28 17:56:24'),
(3599, 389, 33, 1, 1, '2018-11-28 17:56:24', '2018-11-28 17:56:24'),
(3600, 390, 33, 1, 1, '2018-11-28 17:56:24', '2018-11-28 17:56:24');

-- --------------------------------------------------------

--
-- Estructura de tabla para la tabla `fact_egresado_certificacion`
--

CREATE TABLE `fact_egresado_certificacion` (
  `id` int(11) NOT NULL,
  `id_egresado` int(11) NOT NULL,
  `id_certificacion` int(11) NOT NULL,
  `cantidad` int(11) NOT NULL DEFAULT '1',
  `fecha_creacion` timestamp NOT NULL DEFAULT CURRENT_TIMESTAMP,
  `fecha_actualizacion` timestamp NOT NULL DEFAULT CURRENT_TIMESTAMP ON UPDATE CURRENT_TIMESTAMP
) ENGINE=InnoDB DEFAULT CHARSET=latin1;

-- --------------------------------------------------------

--
-- Estructura de tabla para la tabla `fact_egresado_cursos`
--

CREATE TABLE `fact_egresado_cursos` (
  `id` int(11) NOT NULL,
  `id_egresado` int(11) NOT NULL,
  `id_cursos` int(11) NOT NULL,
  `cantidad` int(11) NOT NULL DEFAULT '1',
  `fecha_creacion` timestamp NOT NULL DEFAULT CURRENT_TIMESTAMP,
  `fecha_actualizacion` timestamp NOT NULL DEFAULT CURRENT_TIMESTAMP ON UPDATE CURRENT_TIMESTAMP
) ENGINE=InnoDB DEFAULT CHARSET=latin1;

-- --------------------------------------------------------

--
-- Estructura de tabla para la tabla `fact_egresado_educacion`
--

CREATE TABLE `fact_egresado_educacion` (
  `id` int(11) NOT NULL,
  `id_egresado` int(11) NOT NULL,
  `id_educacion` int(11) NOT NULL,
  `cantidad` int(11) NOT NULL DEFAULT '1',
  `fecha_creacion` timestamp NOT NULL DEFAULT CURRENT_TIMESTAMP,
  `fecha_actualizacion` timestamp NOT NULL DEFAULT CURRENT_TIMESTAMP ON UPDATE CURRENT_TIMESTAMP
) ENGINE=InnoDB DEFAULT CHARSET=latin1;

-- --------------------------------------------------------

--
-- Estructura de tabla para la tabla `fact_egresado_estudiosuc`
--

CREATE TABLE `fact_egresado_estudiosuc` (
  `id` int(11) NOT NULL,
  `id_egresado` int(11) NOT NULL,
  `id_estudiosuc` int(11) NOT NULL,
  `id_facultad` int(11) NOT NULL,
  `id_carrera` int(11) NOT NULL,
  `id_tiempo` int(11) NOT NULL,
  `cantidad` int(11) NOT NULL DEFAULT '1',
  `fecha_creacion` timestamp NOT NULL DEFAULT CURRENT_TIMESTAMP,
  `fecha_actualizacion` timestamp NOT NULL DEFAULT CURRENT_TIMESTAMP ON UPDATE CURRENT_TIMESTAMP
) ENGINE=InnoDB DEFAULT CHARSET=latin1;

--
-- Volcado de datos para la tabla `fact_egresado_estudiosuc`
--

INSERT INTO `fact_egresado_estudiosuc` (`id`, `id_egresado`, `id_estudiosuc`, `id_facultad`, `id_carrera`, `id_tiempo`, `cantidad`, `fecha_creacion`, `fecha_actualizacion`) VALUES
(29, 33, 41, 64, 209, 450, 1, '2018-11-28 20:21:40', '2018-11-28 20:21:40'),
(30, 34, 42, 64, 212, 450, 1, '2018-11-28 20:21:40', '2018-11-28 20:21:40'),
(31, 35, 43, 64, 209, 450, 1, '2018-11-28 20:21:40', '2018-11-28 20:21:40'),
(32, 35, 44, 64, 211, 442, 1, '2018-11-28 20:21:40', '2018-11-28 20:21:40');

-- --------------------------------------------------------

--
-- Estructura de tabla para la tabla `fact_egresado_patentes`
--

CREATE TABLE `fact_egresado_patentes` (
  `id` int(11) NOT NULL,
  `id_egresado` int(11) NOT NULL,
  `id_patentes` int(11) NOT NULL,
  `cantidad` int(11) NOT NULL DEFAULT '1',
  `fecha_creacion` timestamp NOT NULL DEFAULT CURRENT_TIMESTAMP,
  `fecha_actualizacion` timestamp NOT NULL DEFAULT CURRENT_TIMESTAMP ON UPDATE CURRENT_TIMESTAMP
) ENGINE=InnoDB DEFAULT CHARSET=latin1;

-- --------------------------------------------------------

--
-- Estructura de tabla para la tabla `fact_egresado_trabajos`
--

CREATE TABLE `fact_egresado_trabajos` (
  `id` int(11) NOT NULL,
  `id_egresado` int(11) NOT NULL,
  `id_trabajo` int(11) NOT NULL,
  `cantidad` int(11) NOT NULL DEFAULT '1',
  `fecha_creacion` timestamp NOT NULL DEFAULT CURRENT_TIMESTAMP,
  `fecha_actualizacion` timestamp NOT NULL DEFAULT CURRENT_TIMESTAMP ON UPDATE CURRENT_TIMESTAMP
) ENGINE=InnoDB DEFAULT CHARSET=latin1;

--
-- Volcado de datos para la tabla `fact_egresado_trabajos`
--

INSERT INTO `fact_egresado_trabajos` (`id`, `id_egresado`, `id_trabajo`, `cantidad`, `fecha_creacion`, `fecha_actualizacion`) VALUES
(4, 34, 12, 1, '2018-11-29 00:20:15', '2018-12-03 20:02:26'),
(5, 36, 10, 1, '2018-11-29 00:20:15', '2018-11-29 00:20:15'),
(6, 36, 11, 1, '2018-11-29 00:20:15', '2018-11-29 00:20:15');

-- --------------------------------------------------------

--
-- Estructura de tabla para la tabla `fact_egresado_voluntariado`
--

CREATE TABLE `fact_egresado_voluntariado` (
  `id` int(11) NOT NULL,
  `id_egresado` int(11) NOT NULL,
  `id_voluntariado` int(11) NOT NULL,
  `cantidad` int(11) NOT NULL DEFAULT '1',
  `fecha_creacion` timestamp NOT NULL DEFAULT CURRENT_TIMESTAMP,
  `fecha_actualizacion` timestamp NOT NULL DEFAULT CURRENT_TIMESTAMP ON UPDATE CURRENT_TIMESTAMP
) ENGINE=InnoDB DEFAULT CHARSET=latin1;

-- --------------------------------------------------------

--
-- Estructura de tabla para la tabla `fact_estudiante_facultad`
--

CREATE TABLE `fact_estudiante_facultad` (
  `id` int(11) NOT NULL,
  `id_estudiante` int(11) DEFAULT NULL,
  `id_facultad` int(11) DEFAULT NULL,
  `id_carrera` int(11) DEFAULT NULL,
  `id_genero` int(11) DEFAULT NULL,
  `id_nacionalidad` int(11) DEFAULT NULL,
  `id_status` int(11) NOT NULL,
  `id_discapacidad` int(11) NOT NULL,
  `id_etnia` int(11) NOT NULL,
  `id_tipo_estudiante` int(11) NOT NULL,
  `id_tiempo` int(11) NOT NULL,
  `cantidad` int(11) NOT NULL DEFAULT '1'
) ENGINE=InnoDB DEFAULT CHARSET=latin1;

--
-- Volcado de datos para la tabla `fact_estudiante_facultad`
--

INSERT INTO `fact_estudiante_facultad` (`id`, `id_estudiante`, `id_facultad`, `id_carrera`, `id_genero`, `id_nacionalidad`, `id_status`, `id_discapacidad`, `id_etnia`, `id_tipo_estudiante`, `id_tiempo`, `cantidad`) VALUES
(2338, 2333, 64, 209, 6, 13, 2, 4, 2, 2, 445, 1),
(2339, 2334, 58, 252, 7, 13, 2, 4, 2, 1, 444, 1),
(2340, 2335, 58, 252, 7, 13, 2, 4, 2, 1, 442, 1),
(2341, 2336, 58, 252, 6, 13, 2, 4, 2, 1, 445, 1),
(2342, 2337, 58, 252, 7, 13, 2, 4, 2, 1, 444, 1),
(2343, 2338, 58, 252, 6, 13, 2, 4, 2, 1, 442, 1),
(2344, 2339, 58, 252, 6, 13, 2, 3, 2, 1, 445, 1),
(2345, 2340, 58, 252, 6, 13, 2, 4, 2, 1, 444, 1),
(2346, 2341, 58, 252, 6, 13, 2, 4, 2, 1, 442, 1),
(2347, 2342, 58, 252, 7, 13, 2, 4, 2, 1, 445, 1),
(2348, 2343, 58, 252, 7, 13, 2, 4, 2, 1, 444, 1),
(2349, 2344, 58, 252, 6, 13, 2, 4, 2, 1, 442, 1),
(2350, 2345, 58, 252, 7, 13, 2, 4, 2, 1, 445, 1),
(2351, 2346, 58, 252, 6, 13, 2, 4, 2, 1, 444, 1),
(2352, 2347, 58, 252, 6, 13, 2, 3, 2, 1, 442, 1),
(2353, 2348, 58, 252, 6, 13, 2, 4, 2, 1, 445, 1),
(2354, 2349, 58, 252, 6, 13, 2, 4, 2, 1, 444, 1),
(2355, 2350, 58, 252, 7, 13, 2, 4, 2, 1, 442, 1),
(2356, 2351, 58, 252, 7, 13, 2, 4, 2, 1, 444, 1),
(2357, 2352, 58, 252, 6, 13, 2, 4, 2, 1, 445, 1),
(2358, 2353, 58, 252, 7, 13, 2, 4, 2, 1, 444, 1),
(2359, 2354, 58, 252, 6, 13, 2, 4, 2, 1, 442, 1),
(2360, 2355, 58, 252, 6, 13, 2, 3, 2, 1, 445, 1),
(2361, 2356, 58, 252, 6, 13, 2, 4, 2, 1, 444, 1),
(2362, 2357, 58, 252, 6, 13, 2, 4, 2, 1, 442, 1),
(2363, 2358, 58, 252, 7, 13, 2, 4, 2, 1, 445, 1),
(2364, 2359, 58, 252, 7, 13, 2, 4, 2, 1, 444, 1),
(2365, 2360, 58, 252, 6, 13, 2, 4, 2, 1, 442, 1),
(2366, 2361, 58, 252, 7, 13, 2, 4, 2, 1, 445, 1),
(2367, 2362, 58, 252, 6, 13, 2, 4, 2, 1, 444, 1),
(2368, 2363, 58, 252, 7, 13, 2, 4, 2, 1, 445, 1),
(2369, 2364, 58, 252, 6, 13, 2, 3, 2, 1, 442, 1),
(2370, 2365, 58, 252, 6, 13, 2, 4, 2, 1, 445, 1),
(2371, 2366, 58, 252, 6, 13, 2, 4, 2, 1, 444, 1),
(2372, 2367, 58, 252, 7, 13, 2, 4, 2, 1, 442, 1),
(2373, 2368, 58, 252, 7, 13, 2, 4, 2, 1, 445, 1),
(2374, 2369, 58, 252, 6, 13, 2, 4, 2, 1, 444, 1),
(2375, 2370, 58, 252, 7, 13, 2, 4, 2, 1, 442, 1),
(2376, 2371, 58, 252, 6, 13, 2, 4, 2, 1, 444, 1),
(2377, 2372, 58, 252, 6, 13, 2, 3, 2, 1, 445, 1),
(2378, 2373, 58, 252, 6, 13, 2, 4, 2, 1, 444, 1),
(2379, 2374, 58, 252, 6, 13, 2, 4, 2, 1, 442, 1),
(2380, 2375, 58, 252, 7, 13, 2, 4, 2, 1, 445, 1),
(2381, 2376, 58, 252, 7, 13, 2, 4, 2, 1, 444, 1),
(2382, 2377, 58, 252, 6, 13, 2, 4, 2, 1, 442, 1),
(2383, 2378, 58, 252, 7, 13, 2, 4, 2, 1, 445, 1),
(2384, 2379, 58, 252, 6, 13, 2, 4, 2, 1, 444, 1),
(2385, 2380, 58, 252, 6, 13, 2, 3, 2, 1, 442, 1),
(2386, 2381, 58, 252, 6, 13, 2, 4, 2, 1, 445, 1),
(2387, 2382, 58, 252, 6, 13, 2, 4, 2, 1, 444, 1),
(2388, 2383, 58, 252, 7, 13, 2, 4, 2, 1, 442, 1),
(2389, 2384, 58, 252, 7, 13, 2, 4, 2, 1, 445, 1),
(2390, 2385, 58, 252, 6, 13, 2, 4, 2, 1, 444, 1),
(2391, 2386, 58, 252, 7, 13, 2, 4, 2, 1, 442, 1),
(2392, 2387, 58, 252, 6, 13, 2, 4, 2, 1, 445, 1),
(2393, 2388, 58, 252, 6, 13, 2, 3, 2, 1, 444, 1),
(2394, 2389, 58, 252, 6, 13, 2, 4, 2, 1, 442, 1),
(2395, 2390, 58, 252, 6, 13, 2, 4, 2, 1, 444, 1),
(2396, 2391, 58, 252, 7, 13, 2, 4, 2, 1, 445, 1),
(2397, 2392, 58, 252, 7, 13, 2, 4, 2, 1, 444, 1),
(2398, 2393, 58, 252, 6, 13, 2, 4, 2, 1, 442, 1),
(2399, 2394, 58, 252, 6, 13, 2, 4, 2, 1, 444, 1),
(2400, 2395, 58, 252, 6, 13, 2, 3, 2, 1, 442, 1),
(2401, 2396, 58, 252, 6, 13, 2, 4, 2, 1, 445, 1),
(2402, 2397, 58, 252, 6, 13, 2, 4, 2, 1, 444, 1),
(2403, 2398, 58, 252, 7, 13, 2, 4, 2, 1, 442, 1),
(2404, 2399, 58, 252, 7, 13, 2, 4, 2, 1, 445, 1),
(2405, 2400, 58, 252, 6, 13, 2, 4, 2, 1, 444, 1),
(2406, 2401, 58, 252, 7, 13, 2, 4, 2, 1, 442, 1),
(2407, 2402, 58, 252, 6, 13, 2, 4, 2, 1, 445, 1),
(2408, 2403, 58, 252, 6, 13, 2, 3, 2, 1, 444, 1),
(2409, 2404, 58, 252, 6, 13, 2, 4, 2, 1, 442, 1),
(2410, 2405, 58, 252, 6, 13, 2, 4, 2, 1, 445, 1),
(2411, 2406, 58, 252, 7, 13, 2, 4, 2, 1, 444, 1),
(2412, 2407, 58, 252, 7, 13, 2, 4, 2, 1, 442, 1),
(2413, 2408, 58, 252, 6, 13, 2, 4, 2, 1, 444, 1),
(2414, 2409, 58, 252, 7, 13, 2, 4, 2, 1, 445, 1),
(2415, 2410, 58, 252, 6, 13, 2, 4, 2, 1, 444, 1),
(2416, 2411, 58, 252, 6, 13, 2, 3, 2, 1, 442, 1),
(2417, 2412, 58, 252, 6, 13, 2, 4, 2, 1, 445, 1),
(2418, 2413, 58, 252, 6, 13, 2, 4, 2, 1, 444, 1),
(2419, 2414, 58, 252, 7, 13, 2, 4, 2, 1, 442, 1),
(2420, 2415, 58, 252, 7, 13, 2, 4, 2, 1, 445, 1),
(2421, 2416, 58, 252, 6, 13, 2, 4, 2, 1, 444, 1),
(2422, 2417, 58, 252, 7, 13, 2, 4, 2, 1, 442, 1),
(2423, 2418, 58, 252, 6, 13, 2, 4, 2, 1, 445, 1),
(2424, 2419, 58, 252, 6, 13, 2, 3, 2, 1, 444, 1),
(2425, 2420, 58, 252, 6, 13, 2, 4, 2, 1, 442, 1),
(2426, 2421, 58, 252, 6, 13, 2, 4, 2, 1, 445, 1),
(2427, 2422, 58, 252, 7, 13, 2, 4, 2, 1, 444, 1),
(2428, 2423, 58, 252, 7, 13, 2, 4, 2, 1, 442, 1),
(2429, 2424, 58, 252, 6, 13, 2, 4, 2, 1, 445, 1),
(2430, 2425, 58, 252, 7, 13, 2, 4, 2, 1, 444, 1),
(2431, 2426, 58, 252, 6, 13, 2, 4, 2, 1, 442, 1),
(2432, 2427, 58, 252, 6, 13, 2, 3, 2, 1, 444, 1),
(2433, 2428, 58, 252, 6, 13, 2, 4, 2, 1, 445, 1),
(2434, 2429, 58, 252, 6, 13, 2, 4, 2, 1, 444, 1),
(2435, 2430, 58, 252, 7, 13, 2, 4, 2, 1, 442, 1),
(2436, 2431, 58, 252, 7, 13, 2, 4, 2, 1, 445, 1),
(2437, 2432, 58, 252, 6, 13, 2, 4, 2, 1, 444, 1),
(2438, 2433, 58, 252, 7, 13, 2, 4, 2, 1, 442, 1),
(2439, 2434, 58, 252, 6, 13, 2, 4, 2, 1, 445, 1),
(2440, 2435, 58, 252, 6, 13, 2, 3, 2, 1, 444, 1),
(2441, 2436, 58, 252, 6, 13, 2, 4, 2, 1, 442, 1),
(2442, 2437, 58, 252, 6, 13, 2, 4, 2, 1, 445, 1),
(2443, 2438, 58, 252, 7, 13, 2, 4, 2, 1, 444, 1),
(2444, 2439, 58, 252, 7, 13, 2, 4, 2, 1, 442, 1),
(2445, 2440, 58, 252, 6, 13, 2, 4, 2, 1, 445, 1),
(2446, 2441, 58, 252, 7, 13, 2, 4, 2, 1, 444, 1),
(2447, 2442, 58, 252, 6, 13, 2, 4, 2, 1, 442, 1),
(2448, 2443, 58, 252, 6, 13, 2, 3, 2, 1, 445, 1),
(2449, 2444, 58, 252, 6, 13, 2, 4, 2, 1, 444, 1),
(2450, 2445, 58, 252, 6, 13, 2, 4, 2, 1, 442, 1),
(2451, 2446, 58, 252, 7, 13, 2, 4, 2, 1, 444, 1),
(2452, 2447, 58, 252, 7, 13, 2, 4, 2, 1, 445, 1),
(2453, 2448, 58, 252, 6, 13, 2, 4, 2, 1, 444, 1),
(2454, 2449, 58, 252, 7, 13, 2, 4, 2, 1, 442, 1),
(2455, 2450, 58, 252, 6, 13, 2, 4, 2, 1, 445, 1),
(2456, 2451, 58, 252, 6, 13, 2, 3, 2, 1, 444, 1),
(2457, 2452, 58, 252, 6, 13, 2, 4, 2, 1, 442, 1),
(2458, 2453, 58, 252, 6, 13, 2, 4, 2, 1, 445, 1),
(2459, 2454, 58, 252, 7, 13, 2, 4, 2, 1, 445, 1),
(2460, 2455, 58, 252, 7, 13, 2, 4, 2, 1, 444, 1),
(2461, 2456, 58, 252, 7, 13, 2, 4, 2, 1, 442, 1),
(2462, 2457, 58, 252, 6, 13, 2, 4, 2, 1, 445, 1),
(2463, 2458, 58, 252, 7, 13, 2, 4, 2, 1, 444, 1),
(2464, 2459, 58, 252, 6, 13, 2, 4, 2, 1, 442, 1),
(2465, 2460, 58, 252, 6, 13, 2, 3, 2, 1, 445, 1),
(2466, 2461, 58, 252, 6, 13, 2, 4, 2, 1, 444, 1),
(2467, 2462, 58, 252, 6, 13, 2, 4, 2, 1, 442, 1),
(2468, 2463, 58, 252, 7, 13, 2, 4, 2, 1, 445, 1),
(2469, 2464, 58, 252, 7, 13, 2, 4, 2, 1, 444, 1),
(2470, 2465, 58, 252, 6, 13, 2, 4, 2, 1, 442, 1),
(2471, 2466, 58, 252, 7, 13, 2, 4, 2, 1, 444, 1),
(2472, 2467, 58, 252, 6, 13, 2, 4, 2, 1, 445, 1),
(2473, 2468, 58, 252, 6, 13, 2, 3, 2, 1, 444, 1),
(2474, 2469, 58, 252, 6, 13, 2, 4, 2, 1, 442, 1),
(2475, 2470, 58, 252, 6, 13, 2, 4, 2, 1, 445, 1),
(2476, 2471, 58, 252, 7, 13, 2, 4, 2, 1, 444, 1),
(2477, 2472, 58, 252, 7, 13, 2, 4, 2, 1, 442, 1),
(2478, 2473, 58, 252, 6, 13, 2, 4, 2, 1, 445, 1),
(2479, 2474, 58, 252, 7, 13, 2, 4, 2, 1, 444, 1),
(2480, 2475, 58, 252, 6, 13, 2, 4, 2, 1, 442, 1),
(2481, 2476, 58, 252, 6, 13, 2, 3, 2, 1, 445, 1),
(2482, 2477, 58, 252, 6, 13, 2, 4, 2, 1, 444, 1),
(2483, 2478, 58, 252, 6, 13, 2, 4, 2, 1, 442, 1),
(2484, 2479, 58, 252, 7, 13, 2, 4, 2, 1, 445, 1),
(2485, 2480, 58, 252, 7, 13, 2, 4, 2, 1, 444, 1),
(2486, 2481, 58, 252, 6, 13, 2, 4, 2, 1, 442, 1),
(2487, 2482, 58, 252, 7, 13, 2, 4, 2, 1, 445, 1),
(2488, 2483, 58, 252, 6, 13, 2, 4, 2, 1, 444, 1),
(2489, 2484, 58, 252, 6, 13, 2, 3, 2, 1, 442, 1),
(2490, 2485, 58, 252, 6, 13, 2, 4, 2, 1, 444, 1),
(2491, 2486, 58, 252, 6, 13, 2, 4, 2, 1, 445, 1),
(2492, 2487, 58, 252, 7, 13, 2, 4, 2, 1, 444, 1),
(2493, 2488, 58, 252, 7, 13, 2, 4, 2, 1, 442, 1),
(2494, 2489, 58, 252, 6, 13, 2, 4, 2, 1, 445, 1),
(2495, 2490, 58, 252, 7, 13, 2, 4, 2, 1, 444, 1),
(2496, 2491, 58, 252, 6, 13, 2, 4, 2, 1, 442, 1),
(2497, 2492, 58, 252, 6, 13, 2, 3, 2, 1, 445, 1),
(2498, 2493, 58, 252, 6, 13, 2, 4, 2, 1, 444, 1),
(2499, 2494, 58, 252, 6, 13, 2, 4, 2, 1, 442, 1),
(2500, 2495, 58, 252, 7, 13, 2, 4, 2, 1, 445, 1),
(2501, 2496, 58, 252, 7, 13, 2, 4, 2, 1, 444, 1),
(2502, 2497, 58, 252, 6, 13, 2, 4, 2, 1, 442, 1),
(2503, 2498, 58, 252, 7, 13, 2, 4, 2, 1, 445, 1),
(2504, 2499, 58, 252, 6, 13, 2, 4, 2, 1, 444, 1),
(2505, 2500, 58, 252, 6, 13, 2, 3, 2, 1, 442, 1),
(2506, 2501, 58, 252, 6, 13, 2, 4, 2, 1, 445, 1),
(2507, 2502, 58, 252, 6, 13, 2, 4, 2, 1, 444, 1),
(2508, 2503, 58, 252, 7, 13, 2, 4, 2, 1, 442, 1),
(2509, 2504, 58, 252, 7, 13, 2, 4, 2, 1, 444, 1),
(2510, 2505, 58, 252, 6, 13, 2, 4, 2, 1, 445, 1),
(2511, 2506, 58, 252, 7, 13, 2, 4, 2, 1, 444, 1),
(2512, 2507, 58, 252, 6, 13, 2, 4, 2, 1, 442, 1),
(2513, 2508, 58, 252, 6, 13, 2, 3, 2, 1, 445, 1),
(2514, 2509, 58, 252, 6, 13, 2, 4, 2, 1, 444, 1),
(2515, 2510, 58, 252, 6, 13, 2, 4, 2, 1, 442, 1),
(2516, 2511, 58, 252, 7, 13, 2, 4, 2, 1, 445, 1),
(2517, 2512, 58, 252, 7, 13, 2, 4, 2, 1, 444, 1),
(2518, 2513, 58, 252, 6, 13, 2, 4, 2, 1, 442, 1),
(2519, 2514, 58, 252, 7, 13, 2, 4, 2, 1, 445, 1),
(2520, 2515, 58, 252, 6, 13, 2, 4, 2, 1, 444, 1),
(2521, 2516, 58, 252, 6, 13, 2, 3, 2, 1, 442, 1),
(2522, 2517, 58, 252, 6, 13, 2, 4, 2, 1, 445, 1),
(2523, 2518, 58, 252, 6, 13, 2, 4, 2, 1, 444, 1),
(2524, 2519, 58, 252, 7, 13, 2, 4, 2, 1, 442, 1),
(2525, 2520, 58, 252, 7, 13, 2, 4, 2, 1, 445, 1),
(2526, 2521, 58, 252, 6, 13, 2, 4, 2, 1, 444, 1),
(2527, 2522, 58, 252, 7, 13, 2, 4, 2, 1, 442, 1),
(2528, 2523, 58, 252, 6, 13, 2, 4, 2, 1, 444, 1),
(2529, 2524, 58, 252, 6, 13, 2, 3, 2, 1, 445, 1),
(2530, 2525, 58, 252, 6, 13, 2, 4, 2, 1, 444, 1),
(2531, 2526, 58, 252, 6, 13, 2, 4, 2, 1, 442, 1),
(2532, 2527, 58, 252, 7, 13, 2, 4, 2, 1, 445, 1),
(2533, 2528, 58, 252, 7, 13, 2, 4, 2, 1, 444, 1),
(2534, 2529, 58, 252, 6, 13, 2, 4, 2, 1, 442, 1),
(2535, 2530, 58, 252, 7, 13, 2, 4, 2, 1, 445, 1),
(2536, 2531, 58, 252, 6, 13, 2, 4, 2, 1, 444, 1),
(2537, 2532, 58, 252, 6, 13, 2, 3, 2, 1, 442, 1),
(2538, 2533, 58, 252, 6, 13, 2, 4, 2, 1, 445, 1),
(2539, 2534, 58, 252, 6, 13, 2, 4, 2, 1, 444, 1),
(2540, 2535, 58, 252, 7, 13, 2, 4, 2, 1, 442, 1),
(2541, 2536, 58, 252, 7, 13, 2, 4, 2, 1, 445, 1),
(2542, 2537, 58, 252, 6, 13, 2, 4, 2, 1, 444, 1),
(2543, 2538, 58, 252, 7, 13, 2, 4, 2, 1, 442, 1),
(2544, 2539, 58, 252, 6, 13, 2, 4, 2, 1, 445, 1),
(2545, 2540, 58, 252, 6, 13, 2, 3, 2, 1, 444, 1),
(2546, 2541, 58, 252, 6, 13, 2, 4, 2, 1, 442, 1),
(2547, 2542, 58, 252, 6, 13, 2, 4, 2, 1, 444, 1),
(2548, 2543, 58, 252, 7, 13, 2, 4, 2, 1, 445, 1),
(2549, 2544, 58, 252, 7, 13, 2, 4, 2, 1, 444, 1),
(2550, 2545, 58, 252, 6, 13, 2, 4, 2, 1, 442, 1),
(2551, 2546, 58, 252, 6, 13, 2, 4, 2, 1, 444, 1),
(2552, 2547, 58, 252, 6, 13, 2, 3, 2, 1, 442, 1),
(2553, 2548, 58, 252, 6, 13, 2, 4, 2, 1, 445, 1),
(2554, 2549, 58, 252, 6, 13, 2, 4, 2, 1, 444, 1),
(2555, 2550, 58, 252, 7, 13, 2, 4, 2, 1, 442, 1),
(2556, 2551, 58, 252, 7, 13, 2, 4, 2, 1, 445, 1),
(2557, 2552, 58, 252, 6, 13, 2, 4, 2, 1, 444, 1),
(2558, 2553, 58, 252, 7, 13, 2, 4, 2, 1, 442, 1),
(2559, 2554, 58, 252, 6, 13, 2, 4, 2, 1, 445, 1),
(2560, 2555, 58, 252, 6, 13, 2, 3, 2, 1, 444, 1),
(2561, 2556, 58, 252, 6, 13, 2, 4, 2, 1, 442, 1),
(2562, 2557, 58, 252, 6, 13, 2, 4, 2, 1, 445, 1),
(2563, 2558, 58, 252, 7, 13, 2, 4, 2, 1, 444, 1),
(2564, 2559, 58, 252, 7, 13, 2, 4, 2, 1, 442, 1),
(2565, 2560, 58, 252, 6, 13, 2, 4, 2, 1, 444, 1),
(2566, 2561, 58, 252, 7, 13, 2, 4, 2, 1, 445, 1),
(2567, 2562, 58, 252, 6, 13, 2, 4, 2, 1, 444, 1),
(2568, 2563, 58, 252, 6, 13, 2, 3, 2, 1, 442, 1),
(2569, 2564, 58, 252, 6, 13, 2, 4, 2, 1, 445, 1),
(2570, 2565, 58, 252, 6, 13, 2, 4, 2, 1, 444, 1),
(2571, 2566, 58, 252, 7, 13, 2, 4, 2, 1, 442, 1),
(2572, 2567, 58, 252, 7, 13, 2, 4, 2, 1, 445, 1),
(2573, 2568, 58, 252, 6, 13, 2, 4, 2, 1, 444, 1),
(2574, 2569, 58, 252, 7, 13, 2, 4, 2, 1, 442, 1),
(2575, 2570, 58, 252, 6, 13, 2, 4, 2, 1, 445, 1),
(2576, 2571, 58, 252, 6, 13, 2, 3, 2, 1, 444, 1),
(2577, 2572, 58, 252, 6, 13, 2, 4, 2, 1, 442, 1),
(2578, 2573, 58, 252, 6, 13, 2, 4, 2, 1, 445, 1),
(2579, 2574, 58, 252, 7, 13, 2, 4, 2, 1, 444, 1),
(2580, 2575, 58, 252, 7, 13, 2, 4, 2, 1, 442, 1),
(2581, 2576, 58, 252, 6, 13, 2, 4, 2, 1, 445, 1),
(2582, 2577, 58, 252, 7, 13, 2, 4, 2, 1, 444, 1),
(2583, 2578, 58, 252, 6, 13, 2, 4, 2, 1, 442, 1),
(2584, 2579, 58, 252, 6, 13, 2, 3, 2, 1, 444, 1),
(2585, 2580, 58, 252, 6, 13, 2, 4, 2, 1, 445, 1),
(2586, 2581, 58, 252, 6, 13, 2, 4, 2, 1, 444, 1),
(2587, 2582, 58, 252, 7, 13, 2, 4, 2, 1, 442, 1),
(2588, 2583, 58, 252, 7, 13, 2, 4, 2, 1, 445, 1),
(2589, 2584, 58, 252, 6, 13, 2, 4, 2, 1, 444, 1),
(2590, 2585, 58, 252, 7, 13, 2, 4, 2, 1, 442, 1),
(2591, 2586, 58, 252, 6, 13, 2, 4, 2, 1, 445, 1),
(2592, 2587, 58, 252, 6, 13, 2, 3, 2, 1, 444, 1),
(2593, 2588, 58, 252, 6, 13, 2, 4, 2, 1, 442, 1),
(2594, 2589, 58, 252, 6, 13, 2, 4, 2, 1, 445, 1),
(2595, 2590, 58, 252, 7, 13, 2, 4, 2, 1, 444, 1),
(2596, 2591, 58, 252, 7, 13, 2, 4, 2, 1, 442, 1),
(2597, 2592, 58, 252, 6, 13, 2, 4, 2, 1, 445, 1),
(2598, 2593, 58, 252, 7, 13, 2, 4, 2, 1, 444, 1),
(2599, 2594, 58, 252, 6, 13, 2, 4, 2, 1, 442, 1),
(2600, 2595, 58, 252, 6, 13, 2, 3, 2, 1, 445, 1),
(2601, 2596, 58, 252, 6, 13, 2, 4, 2, 1, 444, 1),
(2602, 2597, 58, 252, 6, 13, 2, 4, 2, 1, 442, 1),
(2603, 2598, 58, 252, 7, 13, 2, 4, 2, 1, 444, 1),
(2604, 2599, 58, 252, 7, 13, 2, 4, 2, 1, 445, 1),
(2605, 2600, 58, 252, 6, 13, 2, 4, 2, 1, 444, 1),
(2606, 2601, 58, 252, 7, 13, 2, 4, 2, 1, 442, 1),
(2607, 2602, 58, 252, 6, 13, 2, 4, 2, 1, 445, 1),
(2608, 2603, 58, 252, 6, 13, 2, 3, 2, 1, 444, 1),
(2609, 2604, 58, 252, 6, 13, 2, 4, 2, 1, 442, 1),
(2610, 2605, 58, 252, 6, 13, 2, 4, 2, 1, 445, 1),
(2611, 2606, 58, 252, 7, 13, 2, 4, 2, 1, 444, 1),
(2612, 2607, 58, 252, 7, 13, 2, 4, 2, 1, 442, 1),
(2613, 2608, 58, 252, 6, 13, 2, 4, 2, 1, 445, 1),
(2614, 2609, 58, 252, 7, 13, 2, 4, 2, 1, 444, 1),
(2615, 2610, 58, 252, 6, 13, 2, 4, 2, 1, 442, 1),
(2616, 2611, 58, 252, 6, 13, 2, 3, 2, 1, 445, 1),
(2617, 2612, 58, 252, 6, 13, 2, 4, 2, 1, 444, 1),
(2618, 2613, 58, 252, 6, 13, 2, 4, 2, 1, 442, 1),
(2619, 2614, 58, 252, 7, 13, 2, 4, 2, 1, 445, 1),
(2620, 2615, 58, 252, 7, 13, 2, 4, 2, 1, 444, 1),
(2621, 2616, 58, 252, 6, 13, 2, 4, 2, 1, 442, 1),
(2622, 2617, 58, 252, 7, 13, 2, 4, 2, 1, 444, 1),
(2623, 2618, 58, 252, 6, 13, 2, 4, 2, 1, 445, 1),
(2624, 2619, 58, 252, 6, 13, 2, 3, 2, 1, 444, 1),
(2625, 2620, 58, 252, 6, 13, 2, 4, 2, 1, 445, 1);

-- --------------------------------------------------------

--
-- Estructura de tabla para la tabla `history_action`
--

CREATE TABLE `history_action` (
  `id` int(11) NOT NULL,
  `username` varchar(100) NOT NULL,
  `action` varchar(100) NOT NULL,
  `module` varchar(100) NOT NULL,
  `ip` varchar(50) NOT NULL,
  `status` tinyint(1) NOT NULL,
  `date` timestamp NOT NULL DEFAULT CURRENT_TIMESTAMP
) ENGINE=InnoDB DEFAULT CHARSET=latin1;

--
-- Volcado de datos para la tabla `history_action`
--

INSERT INTO `history_action` (`id`, `username`, `action`, `module`, `ip`, `status`, `date`) VALUES
(280, 'Admin', 'Ingreso al sistema', 'Usuarios', '127.0.0.1', 0, '2018-12-03 18:36:46'),
(281, 'Admin', 'Ingreso al sistema', 'Usuarios', '127.0.0.1', 0, '2018-12-03 18:47:44'),
(282, 'Admin', 'Ingreso al sistema', 'Usuarios', '127.0.0.1', 0, '2018-12-03 18:48:13'),
(283, 'Admin', 'Agregó un usuario', 'Usuarios', '127.0.0.1', 0, '2018-12-03 19:38:26'),
(284, 'Admin', 'Eliminó un usuario', 'Usuarios', '127.0.0.1', 0, '2018-12-03 19:46:19');

-- --------------------------------------------------------

--
-- Estructura de tabla para la tabla `parametro_sistema`
--

CREATE TABLE `parametro_sistema` (
  `id` int(11) NOT NULL,
  `codigo` varchar(100) NOT NULL,
  `nombre` varchar(100) NOT NULL,
  `descripcion` varchar(300) NOT NULL,
  `definicion` varchar(3000) NOT NULL,
  `fecha_creacion` timestamp NOT NULL DEFAULT CURRENT_TIMESTAMP,
  `fecha_actualizacion` timestamp NOT NULL DEFAULT CURRENT_TIMESTAMP ON UPDATE CURRENT_TIMESTAMP
) ENGINE=InnoDB DEFAULT CHARSET=latin1;

--
-- Volcado de datos para la tabla `parametro_sistema`
--

INSERT INTO `parametro_sistema` (`id`, `codigo`, `nombre`, `descripcion`, `definicion`, `fecha_creacion`, `fecha_actualizacion`) VALUES
(1, 'CARGA_INICIAL_ACTUALIZACION', 'CARGA_INICIAL_ACTUALIZACION', 'Parametro que toma valores boleanos para la carga inicial (1) y la actualizacion (0)', '0', '2018-10-18 20:35:32', '2018-12-03 20:53:00'),
(2, 'RUTA_CARGA_ESTUDIANTES', 'RUTA_CARGA_ESTUDIANTES', 'Endpoint o ruta para la carga inicial o actualización del modulo de estudiantes', 'http://localhost:8082/estudiantes', '2018-10-18 20:38:51', '2018-11-27 15:49:30'),
(3, 'RUTA_CARGA_DOCENTES', 'RUTA_CARGA_DOCENTES', 'Endpoint o ruta para la carga inicial o actualización del modulo de docentes', 'http://127.0.0.1:8083/docentes', '2018-10-18 20:40:26', '2018-11-27 17:58:09'),
(4, 'RUTA_CARGA_EGRESADOS', 'RUTA_CARGA_EGRESADOS', 'Endpoint o ruta para la carga inicial o actualización del modulo de egresados', 'http://127.0.0.1:8082/api/v1/egresados', '2018-10-18 21:31:21', '2018-11-25 22:07:31'),
(5, 'FECHA_ACTUALIZACION', 'FECHA_ACTUALIZACION', 'Parámetro de fecha que se utilizara para poder llevar el control de la fecha de actualización en cada ejecución del proceso ETL  ', '2018-12-03 16:53:00', '2018-10-28 17:44:52', '2018-12-03 20:53:00');

-- --------------------------------------------------------

--
-- Estructura de tabla para la tabla `prueba`
--

CREATE TABLE `prueba` (
  `id` int(11) NOT NULL,
  `name` varchar(50) NOT NULL,
  `email` varchar(50) NOT NULL,
  `created_date` timestamp NULL DEFAULT CURRENT_TIMESTAMP,
  `updated_date` timestamp NOT NULL DEFAULT CURRENT_TIMESTAMP ON UPDATE CURRENT_TIMESTAMP
) ENGINE=InnoDB DEFAULT CHARSET=latin1;

--
-- Volcado de datos para la tabla `prueba`
--

INSERT INTO `prueba` (`id`, `name`, `email`, `created_date`, `updated_date`) VALUES
(100, 'Wilkel', 'wilkel@gmail.com', '2018-09-27 18:43:21', '2018-09-27 18:43:21'),
(101, 'Wilkel otro mas', 'wilkelotromas@gmail.com', '2018-09-27 18:43:21', '2018-09-27 18:43:21'),
(102, 'Otro', 'otro1@gmail.com', '2018-09-27 18:43:21', '2018-09-27 18:43:21');

-- --------------------------------------------------------

--
-- Estructura de tabla para la tabla `role`
--

CREATE TABLE `role` (
  `id` int(11) NOT NULL,
  `name` varchar(50) NOT NULL
) ENGINE=InnoDB DEFAULT CHARSET=latin1;

--
-- Volcado de datos para la tabla `role`
--

INSERT INTO `role` (`id`, `name`) VALUES
(5, 'administrador'),
(9, 'facultad_docente'),
(7, 'facultad_estudiante'),
(8, 'verificador'),
(6, 'vicerrector');

-- --------------------------------------------------------

--
-- Estructura de tabla para la tabla `user`
--

CREATE TABLE `user` (
  `id` int(11) NOT NULL,
  `first_name` varchar(50) NOT NULL,
  `last_name` varchar(50) NOT NULL,
  `username` varchar(50) NOT NULL,
  `email` varchar(100) NOT NULL,
  `phone` varchar(50) NOT NULL,
  `address` varchar(300) NOT NULL,
  `password` varchar(100) NOT NULL,
  `removed` tinyint(1) NOT NULL
) ENGINE=InnoDB DEFAULT CHARSET=latin1;

--
-- Volcado de datos para la tabla `user`
--

INSERT INTO `user` (`id`, `first_name`, `last_name`, `username`, `email`, `phone`, `address`, `password`, `removed`) VALUES
(42, 'Admin', 'Admin', 'Admin', 'Admin@gmail.com', '04122345768', 'direccion administrador', '123456', 0),
(44, 'vicerrector', 'vicerrector', 'vicerrector', 'vicerrector@gmail.com', '04122345768', 'direccion', '123456', 0),
(54, 'Ingeneria', 'Ingeneria', 'INGENIERIA', 'Ingeneria@gmail.com', '04122345768', 'direccion', '123456', 0),
(55, 'aja', 'aja', 'aja', 'aja@gmail.com', '04122345768', 'direccion', '123456', 0),
(56, 'Face', 'face', 'FACE', 'Face_estudiante@gmail.com', '04122345768', 'direccion', '123456', 0),
(57, 'Facyt', 'Facyt', 'FACYT', 'juanhernandezluis0@gmail.com', '04122345768', 'direccion', '123', 0),
(58, 'Faces', 'Faces', 'FACES', 'Faces@gmail.com', '04122345768', 'direccion', '123456', 0),
(59, 'Fcs', 'Fcs', 'FCS', 'Fcs@gmail.com', '04122345768', 'direccion', '123456', 0),
(60, 'odontologia', 'odontologia', 'ODONTOLOGIA', 'odontologia_estudiante@gmail.com', '04122345768', 'direccion', '123456', 0),
(61, 'derecho_estudiante', 'derecho_estudiante', 'FCJP', 'juanjsanchez51@gmail.com', '04122345768', 'direccion', '12345', 0),
(62, 'Facyt', 'Facyt', 'Facyt_docente', 'Facyt@gmail.com', '04122345768', 'direccion', '123', 0),
(63, 'Face', 'Face', 'Face_docente', 'Face_docente@hotmail.com', '04122345768', 'direccion', '123', 0),
(64, 'Fcjp', 'Fcjp', 'Fcjp_docente', 'Fcjp_docente@gmail.com', '04122345768', 'direccion', '123', 0),
(65, 'Odontologia', 'Odontologia', 'Odontologia_docente', 'Odontologia_docente@gmail.com', '04122345768', 'direccion', '123', 0),
(66, 'Fcs', 'Fcs', 'Fcs_docente', 'Fcs_docente@gmail.com', '04122345768', 'direccion', '123', 0),
(67, 'Faces', 'Faces', 'Faces_docente', 'Faces_docente@gmail.com', '04122345768', 'direccion', '123', 0),
(68, 'Ingeneria', 'Ingeneria', 'Ingeneria_docente', 'Ingeneria_docente@gmail.com', '04122345768', 'direccion', '123', 0),
(69, 'verificador', 'verificador', 'verificador', 'verificador@gmail.com', '73635353', 'fhfgfgh', '123456', 0),
(70, 'drgdrgd', 'fgfdhdfhdfh', 'dgdfg', 'hfhfg@mdnd.com', '223454', 'ertgthg', '1234', 1);

-- --------------------------------------------------------

--
-- Estructura de tabla para la tabla `user_role`
--

CREATE TABLE `user_role` (
  `id` int(11) NOT NULL,
  `id_user` int(11) NOT NULL,
  `id_role` int(11) NOT NULL
) ENGINE=InnoDB DEFAULT CHARSET=latin1;

--
-- Volcado de datos para la tabla `user_role`
--

INSERT INTO `user_role` (`id`, `id_user`, `id_role`) VALUES
(47, 42, 5),
(48, 44, 6),
(49, 44, 8),
(50, 62, 9),
(51, 63, 9),
(52, 64, 9),
(53, 65, 9),
(54, 66, 9),
(55, 67, 9),
(56, 68, 9),
(64, 54, 7),
(65, 56, 7),
(67, 58, 7),
(68, 59, 7),
(69, 60, 7),
(71, 57, 7),
(72, 61, 7),
(74, 69, 8),
(75, 70, 5);

--
-- Índices para tablas volcadas
--

--
-- Indices de la tabla `dim_carrera`
--
ALTER TABLE `dim_carrera`
  ADD PRIMARY KEY (`id`),
  ADD UNIQUE KEY `nombre` (`codigo`);

--
-- Indices de la tabla `dim_certificacion`
--
ALTER TABLE `dim_certificacion`
  ADD PRIMARY KEY (`id`),
  ADD UNIQUE KEY `codigo` (`codigo`);

--
-- Indices de la tabla `dim_cursos`
--
ALTER TABLE `dim_cursos`
  ADD PRIMARY KEY (`id`),
  ADD UNIQUE KEY `codigo` (`codigo`);

--
-- Indices de la tabla `dim_discapacidad`
--
ALTER TABLE `dim_discapacidad`
  ADD PRIMARY KEY (`id`),
  ADD UNIQUE KEY `codigo` (`codigo`);

--
-- Indices de la tabla `dim_docente`
--
ALTER TABLE `dim_docente`
  ADD PRIMARY KEY (`id`),
  ADD UNIQUE KEY `cedula` (`cedula`);

--
-- Indices de la tabla `dim_educacion`
--
ALTER TABLE `dim_educacion`
  ADD PRIMARY KEY (`id`),
  ADD UNIQUE KEY `codigo` (`codigo`),
  ADD UNIQUE KEY `codigo_2` (`codigo`);

--
-- Indices de la tabla `dim_egresado`
--
ALTER TABLE `dim_egresado`
  ADD PRIMARY KEY (`id`),
  ADD UNIQUE KEY `identificacion` (`cedula`);

--
-- Indices de la tabla `dim_escalafon`
--
ALTER TABLE `dim_escalafon`
  ADD PRIMARY KEY (`id`),
  ADD UNIQUE KEY `nombre` (`nombre`);

--
-- Indices de la tabla `dim_estudiante`
--
ALTER TABLE `dim_estudiante`
  ADD PRIMARY KEY (`id`),
  ADD UNIQUE KEY `cedula` (`cedula`);

--
-- Indices de la tabla `dim_estudiosuc`
--
ALTER TABLE `dim_estudiosuc`
  ADD PRIMARY KEY (`id`),
  ADD UNIQUE KEY `codigo` (`codigo`);

--
-- Indices de la tabla `dim_etnia`
--
ALTER TABLE `dim_etnia`
  ADD PRIMARY KEY (`id`),
  ADD UNIQUE KEY `codigo` (`codigo`);

--
-- Indices de la tabla `dim_facultad`
--
ALTER TABLE `dim_facultad`
  ADD PRIMARY KEY (`id`),
  ADD UNIQUE KEY `codigo` (`codigo`);

--
-- Indices de la tabla `dim_genero`
--
ALTER TABLE `dim_genero`
  ADD PRIMARY KEY (`id`),
  ADD UNIQUE KEY `codigo` (`codigo`);

--
-- Indices de la tabla `dim_nacionalidad`
--
ALTER TABLE `dim_nacionalidad`
  ADD PRIMARY KEY (`id`);

--
-- Indices de la tabla `dim_nivel`
--
ALTER TABLE `dim_nivel`
  ADD PRIMARY KEY (`id`),
  ADD UNIQUE KEY `codigo` (`codigo`);

--
-- Indices de la tabla `dim_otroestudio`
--
ALTER TABLE `dim_otroestudio`
  ADD PRIMARY KEY (`id`),
  ADD UNIQUE KEY `codigo` (`codigo`);

--
-- Indices de la tabla `dim_patentes`
--
ALTER TABLE `dim_patentes`
  ADD PRIMARY KEY (`id`),
  ADD UNIQUE KEY `codigo` (`codigo`);

--
-- Indices de la tabla `dim_premio`
--
ALTER TABLE `dim_premio`
  ADD PRIMARY KEY (`id`),
  ADD UNIQUE KEY `codigo` (`codigo`);

--
-- Indices de la tabla `dim_proyecto`
--
ALTER TABLE `dim_proyecto`
  ADD PRIMARY KEY (`id`),
  ADD UNIQUE KEY `codigo` (`codigo`);

--
-- Indices de la tabla `dim_publicacion`
--
ALTER TABLE `dim_publicacion`
  ADD PRIMARY KEY (`id`),
  ADD UNIQUE KEY `codigo` (`codigo`);

--
-- Indices de la tabla `dim_status`
--
ALTER TABLE `dim_status`
  ADD PRIMARY KEY (`id`);

--
-- Indices de la tabla `dim_tiempo`
--
ALTER TABLE `dim_tiempo`
  ADD PRIMARY KEY (`id`),
  ADD UNIQUE KEY `codigo` (`codigo`);

--
-- Indices de la tabla `dim_tipo_docente`
--
ALTER TABLE `dim_tipo_docente`
  ADD PRIMARY KEY (`id`),
  ADD UNIQUE KEY `nombre` (`codigo`);

--
-- Indices de la tabla `dim_tipo_estudiante`
--
ALTER TABLE `dim_tipo_estudiante`
  ADD PRIMARY KEY (`id`),
  ADD UNIQUE KEY `codigo` (`codigo`);

--
-- Indices de la tabla `dim_titulo`
--
ALTER TABLE `dim_titulo`
  ADD PRIMARY KEY (`id`),
  ADD UNIQUE KEY `codigo` (`codigo`);

--
-- Indices de la tabla `dim_trabajos`
--
ALTER TABLE `dim_trabajos`
  ADD PRIMARY KEY (`id`),
  ADD UNIQUE KEY `codigo` (`codigo`);

--
-- Indices de la tabla `dim_voluntariado`
--
ALTER TABLE `dim_voluntariado`
  ADD PRIMARY KEY (`id`),
  ADD UNIQUE KEY `codigo` (`codigo`);

--
-- Indices de la tabla `fact_docente_facultad`
--
ALTER TABLE `fact_docente_facultad`
  ADD PRIMARY KEY (`id`),
  ADD KEY `id_docente` (`id_docente`),
  ADD KEY `id_sexo` (`id_genero`),
  ADD KEY `id_grado` (`id_tipo_docente`),
  ADD KEY `id_escalafon` (`id_escalafon`),
  ADD KEY `id_facultad` (`id_facultad`),
  ADD KEY `id_nacionalidad` (`id_nacionalidad`);

--
-- Indices de la tabla `fact_docente_otroestudio`
--
ALTER TABLE `fact_docente_otroestudio`
  ADD PRIMARY KEY (`id`),
  ADD KEY `id_docente` (`id_docente`),
  ADD KEY `id_otroestudio` (`id_otroestudio`);

--
-- Indices de la tabla `fact_docente_premio`
--
ALTER TABLE `fact_docente_premio`
  ADD PRIMARY KEY (`id`),
  ADD KEY `id_docente` (`id_docente`),
  ADD KEY `id_premio` (`id_premio`);

--
-- Indices de la tabla `fact_docente_proyecto`
--
ALTER TABLE `fact_docente_proyecto`
  ADD PRIMARY KEY (`id`),
  ADD KEY `id_docente` (`id_docente`),
  ADD KEY `id_proyecto` (`id_proyecto`);

--
-- Indices de la tabla `fact_docente_publicacion`
--
ALTER TABLE `fact_docente_publicacion`
  ADD PRIMARY KEY (`id`),
  ADD KEY `id_docente` (`id_docente`),
  ADD KEY `id_publicacion` (`id_publicacion`),
  ADD KEY `id_facultad` (`id_facultad`);

--
-- Indices de la tabla `fact_docente_titulo`
--
ALTER TABLE `fact_docente_titulo`
  ADD PRIMARY KEY (`id`),
  ADD KEY `id_docente` (`id_docente`),
  ADD KEY `id_titulo` (`id_titulo`),
  ADD KEY `id_nivel` (`id_nivel`);

--
-- Indices de la tabla `fact_egresado_certificacion`
--
ALTER TABLE `fact_egresado_certificacion`
  ADD PRIMARY KEY (`id`),
  ADD KEY `id_egresado` (`id_egresado`),
  ADD KEY `id_certificacion` (`id_certificacion`);

--
-- Indices de la tabla `fact_egresado_cursos`
--
ALTER TABLE `fact_egresado_cursos`
  ADD PRIMARY KEY (`id`),
  ADD KEY `id_egresado` (`id_egresado`),
  ADD KEY `id_cursos` (`id_cursos`);

--
-- Indices de la tabla `fact_egresado_educacion`
--
ALTER TABLE `fact_egresado_educacion`
  ADD PRIMARY KEY (`id`),
  ADD KEY `id_egresado` (`id_egresado`),
  ADD KEY `id_educacion` (`id_educacion`);

--
-- Indices de la tabla `fact_egresado_estudiosuc`
--
ALTER TABLE `fact_egresado_estudiosuc`
  ADD PRIMARY KEY (`id`),
  ADD KEY `id_estudiosuc` (`id_estudiosuc`),
  ADD KEY `id_facultad` (`id_facultad`),
  ADD KEY `id_carrera` (`id_carrera`),
  ADD KEY `id_ano` (`id_tiempo`),
  ADD KEY `id_egresado` (`id_egresado`);

--
-- Indices de la tabla `fact_egresado_patentes`
--
ALTER TABLE `fact_egresado_patentes`
  ADD PRIMARY KEY (`id`),
  ADD KEY `id_egresado` (`id_egresado`),
  ADD KEY `id_patentes` (`id_patentes`);

--
-- Indices de la tabla `fact_egresado_trabajos`
--
ALTER TABLE `fact_egresado_trabajos`
  ADD PRIMARY KEY (`id`),
  ADD KEY `id_egresado` (`id_egresado`),
  ADD KEY `id_trabajo` (`id_trabajo`);

--
-- Indices de la tabla `fact_egresado_voluntariado`
--
ALTER TABLE `fact_egresado_voluntariado`
  ADD PRIMARY KEY (`id`),
  ADD KEY `id_egresado` (`id_egresado`),
  ADD KEY `id_voluntariado` (`id_voluntariado`);

--
-- Indices de la tabla `fact_estudiante_facultad`
--
ALTER TABLE `fact_estudiante_facultad`
  ADD PRIMARY KEY (`id`),
  ADD KEY `id_estudiante` (`id_estudiante`),
  ADD KEY `id_facultad` (`id_facultad`),
  ADD KEY `id_carrera` (`id_carrera`),
  ADD KEY `id_sexo` (`id_genero`),
  ADD KEY `id_nacionalidad` (`id_nacionalidad`),
  ADD KEY `id_status` (`id_status`),
  ADD KEY `id_discapacidad` (`id_discapacidad`),
  ADD KEY `id_etnia` (`id_etnia`),
  ADD KEY `id_tipo` (`id_tipo_estudiante`),
  ADD KEY `id_ano` (`id_tiempo`);

--
-- Indices de la tabla `history_action`
--
ALTER TABLE `history_action`
  ADD PRIMARY KEY (`id`);

--
-- Indices de la tabla `parametro_sistema`
--
ALTER TABLE `parametro_sistema`
  ADD PRIMARY KEY (`id`),
  ADD UNIQUE KEY `codigo` (`codigo`);

--
-- Indices de la tabla `prueba`
--
ALTER TABLE `prueba`
  ADD PRIMARY KEY (`id`),
  ADD UNIQUE KEY `name` (`name`);

--
-- Indices de la tabla `role`
--
ALTER TABLE `role`
  ADD PRIMARY KEY (`id`),
  ADD UNIQUE KEY `name` (`name`);

--
-- Indices de la tabla `user`
--
ALTER TABLE `user`
  ADD PRIMARY KEY (`id`),
  ADD UNIQUE KEY `email` (`email`),
  ADD UNIQUE KEY `username` (`username`);

--
-- Indices de la tabla `user_role`
--
ALTER TABLE `user_role`
  ADD PRIMARY KEY (`id`),
  ADD KEY `id_user` (`id_user`),
  ADD KEY `id_role` (`id_role`);

--
-- AUTO_INCREMENT de las tablas volcadas
--

--
-- AUTO_INCREMENT de la tabla `dim_carrera`
--
ALTER TABLE `dim_carrera`
  MODIFY `id` int(11) NOT NULL AUTO_INCREMENT, AUTO_INCREMENT=292;

--
-- AUTO_INCREMENT de la tabla `dim_certificacion`
--
ALTER TABLE `dim_certificacion`
  MODIFY `id` int(11) NOT NULL AUTO_INCREMENT, AUTO_INCREMENT=34;

--
-- AUTO_INCREMENT de la tabla `dim_cursos`
--
ALTER TABLE `dim_cursos`
  MODIFY `id` int(11) NOT NULL AUTO_INCREMENT, AUTO_INCREMENT=31;

--
-- AUTO_INCREMENT de la tabla `dim_discapacidad`
--
ALTER TABLE `dim_discapacidad`
  MODIFY `id` int(11) NOT NULL AUTO_INCREMENT, AUTO_INCREMENT=5;

--
-- AUTO_INCREMENT de la tabla `dim_docente`
--
ALTER TABLE `dim_docente`
  MODIFY `id` int(11) NOT NULL AUTO_INCREMENT, AUTO_INCREMENT=391;

--
-- AUTO_INCREMENT de la tabla `dim_educacion`
--
ALTER TABLE `dim_educacion`
  MODIFY `id` int(11) NOT NULL AUTO_INCREMENT, AUTO_INCREMENT=10;

--
-- AUTO_INCREMENT de la tabla `dim_egresado`
--
ALTER TABLE `dim_egresado`
  MODIFY `id` int(11) NOT NULL AUTO_INCREMENT, AUTO_INCREMENT=38;

--
-- AUTO_INCREMENT de la tabla `dim_escalafon`
--
ALTER TABLE `dim_escalafon`
  MODIFY `id` int(11) NOT NULL AUTO_INCREMENT, AUTO_INCREMENT=11;

--
-- AUTO_INCREMENT de la tabla `dim_estudiante`
--
ALTER TABLE `dim_estudiante`
  MODIFY `id` int(11) NOT NULL AUTO_INCREMENT, AUTO_INCREMENT=2621;

--
-- AUTO_INCREMENT de la tabla `dim_estudiosuc`
--
ALTER TABLE `dim_estudiosuc`
  MODIFY `id` int(11) NOT NULL AUTO_INCREMENT, AUTO_INCREMENT=45;

--
-- AUTO_INCREMENT de la tabla `dim_etnia`
--
ALTER TABLE `dim_etnia`
  MODIFY `id` int(11) NOT NULL AUTO_INCREMENT, AUTO_INCREMENT=3;

--
-- AUTO_INCREMENT de la tabla `dim_facultad`
--
ALTER TABLE `dim_facultad`
  MODIFY `id` int(11) NOT NULL AUTO_INCREMENT, AUTO_INCREMENT=65;

--
-- AUTO_INCREMENT de la tabla `dim_genero`
--
ALTER TABLE `dim_genero`
  MODIFY `id` int(11) NOT NULL AUTO_INCREMENT, AUTO_INCREMENT=8;

--
-- AUTO_INCREMENT de la tabla `dim_nacionalidad`
--
ALTER TABLE `dim_nacionalidad`
  MODIFY `id` int(11) NOT NULL AUTO_INCREMENT, AUTO_INCREMENT=15;

--
-- AUTO_INCREMENT de la tabla `dim_nivel`
--
ALTER TABLE `dim_nivel`
  MODIFY `id` int(11) NOT NULL AUTO_INCREMENT, AUTO_INCREMENT=6;

--
-- AUTO_INCREMENT de la tabla `dim_otroestudio`
--
ALTER TABLE `dim_otroestudio`
  MODIFY `id` int(11) NOT NULL AUTO_INCREMENT;

--
-- AUTO_INCREMENT de la tabla `dim_patentes`
--
ALTER TABLE `dim_patentes`
  MODIFY `id` int(11) NOT NULL AUTO_INCREMENT, AUTO_INCREMENT=7;

--
-- AUTO_INCREMENT de la tabla `dim_premio`
--
ALTER TABLE `dim_premio`
  MODIFY `id` int(11) NOT NULL AUTO_INCREMENT, AUTO_INCREMENT=5;

--
-- AUTO_INCREMENT de la tabla `dim_proyecto`
--
ALTER TABLE `dim_proyecto`
  MODIFY `id` int(11) NOT NULL AUTO_INCREMENT, AUTO_INCREMENT=4;

--
-- AUTO_INCREMENT de la tabla `dim_publicacion`
--
ALTER TABLE `dim_publicacion`
  MODIFY `id` int(11) NOT NULL AUTO_INCREMENT, AUTO_INCREMENT=68;

--
-- AUTO_INCREMENT de la tabla `dim_status`
--
ALTER TABLE `dim_status`
  MODIFY `id` int(11) NOT NULL AUTO_INCREMENT, AUTO_INCREMENT=135;

--
-- AUTO_INCREMENT de la tabla `dim_tiempo`
--
ALTER TABLE `dim_tiempo`
  MODIFY `id` int(11) NOT NULL AUTO_INCREMENT, AUTO_INCREMENT=482;

--
-- AUTO_INCREMENT de la tabla `dim_tipo_docente`
--
ALTER TABLE `dim_tipo_docente`
  MODIFY `id` int(11) NOT NULL AUTO_INCREMENT, AUTO_INCREMENT=7;

--
-- AUTO_INCREMENT de la tabla `dim_tipo_estudiante`
--
ALTER TABLE `dim_tipo_estudiante`
  MODIFY `id` int(11) NOT NULL AUTO_INCREMENT, AUTO_INCREMENT=3;

--
-- AUTO_INCREMENT de la tabla `dim_titulo`
--
ALTER TABLE `dim_titulo`
  MODIFY `id` int(11) NOT NULL AUTO_INCREMENT, AUTO_INCREMENT=35;

--
-- AUTO_INCREMENT de la tabla `dim_trabajos`
--
ALTER TABLE `dim_trabajos`
  MODIFY `id` int(11) NOT NULL AUTO_INCREMENT, AUTO_INCREMENT=13;

--
-- AUTO_INCREMENT de la tabla `dim_voluntariado`
--
ALTER TABLE `dim_voluntariado`
  MODIFY `id` int(11) NOT NULL AUTO_INCREMENT, AUTO_INCREMENT=9;

--
-- AUTO_INCREMENT de la tabla `fact_docente_facultad`
--
ALTER TABLE `fact_docente_facultad`
  MODIFY `id` int(11) NOT NULL AUTO_INCREMENT, AUTO_INCREMENT=329;

--
-- AUTO_INCREMENT de la tabla `fact_docente_otroestudio`
--
ALTER TABLE `fact_docente_otroestudio`
  MODIFY `id` int(11) NOT NULL AUTO_INCREMENT;

--
-- AUTO_INCREMENT de la tabla `fact_docente_premio`
--
ALTER TABLE `fact_docente_premio`
  MODIFY `id` int(11) NOT NULL AUTO_INCREMENT, AUTO_INCREMENT=38;

--
-- AUTO_INCREMENT de la tabla `fact_docente_proyecto`
--
ALTER TABLE `fact_docente_proyecto`
  MODIFY `id` int(11) NOT NULL AUTO_INCREMENT, AUTO_INCREMENT=33;

--
-- AUTO_INCREMENT de la tabla `fact_docente_publicacion`
--
ALTER TABLE `fact_docente_publicacion`
  MODIFY `id` int(11) NOT NULL AUTO_INCREMENT, AUTO_INCREMENT=1791;

--
-- AUTO_INCREMENT de la tabla `fact_docente_titulo`
--
ALTER TABLE `fact_docente_titulo`
  MODIFY `id` int(11) NOT NULL AUTO_INCREMENT, AUTO_INCREMENT=3601;

--
-- AUTO_INCREMENT de la tabla `fact_egresado_certificacion`
--
ALTER TABLE `fact_egresado_certificacion`
  MODIFY `id` int(11) NOT NULL AUTO_INCREMENT;

--
-- AUTO_INCREMENT de la tabla `fact_egresado_cursos`
--
ALTER TABLE `fact_egresado_cursos`
  MODIFY `id` int(11) NOT NULL AUTO_INCREMENT;

--
-- AUTO_INCREMENT de la tabla `fact_egresado_educacion`
--
ALTER TABLE `fact_egresado_educacion`
  MODIFY `id` int(11) NOT NULL AUTO_INCREMENT;

--
-- AUTO_INCREMENT de la tabla `fact_egresado_estudiosuc`
--
ALTER TABLE `fact_egresado_estudiosuc`
  MODIFY `id` int(11) NOT NULL AUTO_INCREMENT, AUTO_INCREMENT=33;

--
-- AUTO_INCREMENT de la tabla `fact_egresado_patentes`
--
ALTER TABLE `fact_egresado_patentes`
  MODIFY `id` int(11) NOT NULL AUTO_INCREMENT;

--
-- AUTO_INCREMENT de la tabla `fact_egresado_trabajos`
--
ALTER TABLE `fact_egresado_trabajos`
  MODIFY `id` int(11) NOT NULL AUTO_INCREMENT, AUTO_INCREMENT=7;

--
-- AUTO_INCREMENT de la tabla `fact_egresado_voluntariado`
--
ALTER TABLE `fact_egresado_voluntariado`
  MODIFY `id` int(11) NOT NULL AUTO_INCREMENT;

--
-- AUTO_INCREMENT de la tabla `fact_estudiante_facultad`
--
ALTER TABLE `fact_estudiante_facultad`
  MODIFY `id` int(11) NOT NULL AUTO_INCREMENT, AUTO_INCREMENT=2626;

--
-- AUTO_INCREMENT de la tabla `history_action`
--
ALTER TABLE `history_action`
  MODIFY `id` int(11) NOT NULL AUTO_INCREMENT, AUTO_INCREMENT=285;

--
-- AUTO_INCREMENT de la tabla `parametro_sistema`
--
ALTER TABLE `parametro_sistema`
  MODIFY `id` int(11) NOT NULL AUTO_INCREMENT, AUTO_INCREMENT=6;

--
-- AUTO_INCREMENT de la tabla `prueba`
--
ALTER TABLE `prueba`
  MODIFY `id` int(11) NOT NULL AUTO_INCREMENT, AUTO_INCREMENT=103;

--
-- AUTO_INCREMENT de la tabla `role`
--
ALTER TABLE `role`
  MODIFY `id` int(11) NOT NULL AUTO_INCREMENT, AUTO_INCREMENT=10;

--
-- AUTO_INCREMENT de la tabla `user`
--
ALTER TABLE `user`
  MODIFY `id` int(11) NOT NULL AUTO_INCREMENT, AUTO_INCREMENT=71;

--
-- AUTO_INCREMENT de la tabla `user_role`
--
ALTER TABLE `user_role`
  MODIFY `id` int(11) NOT NULL AUTO_INCREMENT, AUTO_INCREMENT=76;

--
-- Restricciones para tablas volcadas
--

--
-- Filtros para la tabla `fact_docente_facultad`
--
ALTER TABLE `fact_docente_facultad`
  ADD CONSTRAINT `fact_docente_facultad_ibfk_1` FOREIGN KEY (`id_escalafon`) REFERENCES `dim_escalafon` (`id`),
  ADD CONSTRAINT `fact_docente_facultad_ibfk_2` FOREIGN KEY (`id_facultad`) REFERENCES `dim_facultad` (`id`),
  ADD CONSTRAINT `fact_docente_facultad_ibfk_3` FOREIGN KEY (`id_tipo_docente`) REFERENCES `dim_tipo_docente` (`id`),
  ADD CONSTRAINT `fact_docente_facultad_ibfk_4` FOREIGN KEY (`id_genero`) REFERENCES `dim_genero` (`id`),
  ADD CONSTRAINT `fact_docente_facultad_ibfk_5` FOREIGN KEY (`id_nacionalidad`) REFERENCES `dim_nacionalidad` (`id`),
  ADD CONSTRAINT `fact_docente_facultad_ibfk_6` FOREIGN KEY (`id_docente`) REFERENCES `dim_docente` (`id`);

--
-- Filtros para la tabla `fact_docente_otroestudio`
--
ALTER TABLE `fact_docente_otroestudio`
  ADD CONSTRAINT `fact_docente_otroestudio_ibfk_1` FOREIGN KEY (`id_docente`) REFERENCES `dim_docente` (`id`),
  ADD CONSTRAINT `fact_docente_otroestudio_ibfk_2` FOREIGN KEY (`id_otroestudio`) REFERENCES `dim_otroestudio` (`id`);

--
-- Filtros para la tabla `fact_docente_premio`
--
ALTER TABLE `fact_docente_premio`
  ADD CONSTRAINT `fact_docente_premio_ibfk_1` FOREIGN KEY (`id_docente`) REFERENCES `dim_docente` (`id`),
  ADD CONSTRAINT `fact_docente_premio_ibfk_2` FOREIGN KEY (`id_premio`) REFERENCES `dim_premio` (`id`);

--
-- Filtros para la tabla `fact_docente_proyecto`
--
ALTER TABLE `fact_docente_proyecto`
  ADD CONSTRAINT `fact_docente_proyecto_ibfk_1` FOREIGN KEY (`id_proyecto`) REFERENCES `dim_proyecto` (`id`),
  ADD CONSTRAINT `fact_docente_proyecto_ibfk_2` FOREIGN KEY (`id_docente`) REFERENCES `dim_docente` (`id`);

--
-- Filtros para la tabla `fact_docente_publicacion`
--
ALTER TABLE `fact_docente_publicacion`
  ADD CONSTRAINT `fact_docente_publicacion_ibfk_1` FOREIGN KEY (`id_docente`) REFERENCES `dim_docente` (`id`),
  ADD CONSTRAINT `fact_docente_publicacion_ibfk_2` FOREIGN KEY (`id_facultad`) REFERENCES `dim_facultad` (`id`),
  ADD CONSTRAINT `fact_docente_publicacion_ibfk_3` FOREIGN KEY (`id_publicacion`) REFERENCES `dim_publicacion` (`id`);

--
-- Filtros para la tabla `fact_docente_titulo`
--
ALTER TABLE `fact_docente_titulo`
  ADD CONSTRAINT `fact_docente_titulo_ibfk_1` FOREIGN KEY (`id_titulo`) REFERENCES `dim_titulo` (`id`),
  ADD CONSTRAINT `fact_docente_titulo_ibfk_2` FOREIGN KEY (`id_docente`) REFERENCES `dim_docente` (`id`),
  ADD CONSTRAINT `fact_docente_titulo_ibfk_3` FOREIGN KEY (`id_nivel`) REFERENCES `dim_nivel` (`id`);

--
-- Filtros para la tabla `fact_egresado_certificacion`
--
ALTER TABLE `fact_egresado_certificacion`
  ADD CONSTRAINT `fact_egresado_certificacion_ibfk_1` FOREIGN KEY (`id_egresado`) REFERENCES `dim_egresado` (`id`),
  ADD CONSTRAINT `fact_egresado_certificacion_ibfk_2` FOREIGN KEY (`id_certificacion`) REFERENCES `dim_certificacion` (`id`);

--
-- Filtros para la tabla `fact_egresado_cursos`
--
ALTER TABLE `fact_egresado_cursos`
  ADD CONSTRAINT `fact_egresado_cursos_ibfk_1` FOREIGN KEY (`id_egresado`) REFERENCES `dim_egresado` (`id`),
  ADD CONSTRAINT `fact_egresado_cursos_ibfk_2` FOREIGN KEY (`id_cursos`) REFERENCES `dim_cursos` (`id`);

--
-- Filtros para la tabla `fact_egresado_educacion`
--
ALTER TABLE `fact_egresado_educacion`
  ADD CONSTRAINT `fact_egresado_educacion_ibfk_1` FOREIGN KEY (`id_egresado`) REFERENCES `dim_egresado` (`id`),
  ADD CONSTRAINT `fact_egresado_educacion_ibfk_2` FOREIGN KEY (`id_educacion`) REFERENCES `dim_educacion` (`id`);

--
-- Filtros para la tabla `fact_egresado_estudiosuc`
--
ALTER TABLE `fact_egresado_estudiosuc`
  ADD CONSTRAINT `fact_egresado_estudiosuc_ibfk_1` FOREIGN KEY (`id_facultad`) REFERENCES `dim_facultad` (`id`),
  ADD CONSTRAINT `fact_egresado_estudiosuc_ibfk_2` FOREIGN KEY (`id_estudiosuc`) REFERENCES `dim_estudiosuc` (`id`),
  ADD CONSTRAINT `fact_egresado_estudiosuc_ibfk_3` FOREIGN KEY (`id_carrera`) REFERENCES `dim_carrera` (`id`),
  ADD CONSTRAINT `fact_egresado_estudiosuc_ibfk_5` FOREIGN KEY (`id_tiempo`) REFERENCES `dim_tiempo` (`id`),
  ADD CONSTRAINT `fact_egresado_estudiosuc_ibfk_6` FOREIGN KEY (`id_egresado`) REFERENCES `dim_egresado` (`id`);

--
-- Filtros para la tabla `fact_egresado_patentes`
--
ALTER TABLE `fact_egresado_patentes`
  ADD CONSTRAINT `fact_egresado_patentes_ibfk_1` FOREIGN KEY (`id_patentes`) REFERENCES `dim_patentes` (`id`),
  ADD CONSTRAINT `fact_egresado_patentes_ibfk_2` FOREIGN KEY (`id_egresado`) REFERENCES `dim_egresado` (`id`);

--
-- Filtros para la tabla `fact_egresado_trabajos`
--
ALTER TABLE `fact_egresado_trabajos`
  ADD CONSTRAINT `fact_egresado_trabajos_ibfk_1` FOREIGN KEY (`id_trabajo`) REFERENCES `dim_trabajos` (`id`),
  ADD CONSTRAINT `fact_egresado_trabajos_ibfk_2` FOREIGN KEY (`id_egresado`) REFERENCES `dim_egresado` (`id`);

--
-- Filtros para la tabla `fact_egresado_voluntariado`
--
ALTER TABLE `fact_egresado_voluntariado`
  ADD CONSTRAINT `fact_egresado_voluntariado_ibfk_1` FOREIGN KEY (`id_egresado`) REFERENCES `dim_egresado` (`id`),
  ADD CONSTRAINT `fact_egresado_voluntariado_ibfk_2` FOREIGN KEY (`id_voluntariado`) REFERENCES `dim_voluntariado` (`id`);

--
-- Filtros para la tabla `fact_estudiante_facultad`
--
ALTER TABLE `fact_estudiante_facultad`
  ADD CONSTRAINT `fact_estudiante_facultad_ibfk_1` FOREIGN KEY (`id_estudiante`) REFERENCES `dim_estudiante` (`id`),
  ADD CONSTRAINT `fact_estudiante_facultad_ibfk_10` FOREIGN KEY (`id_tiempo`) REFERENCES `dim_tiempo` (`id`),
  ADD CONSTRAINT `fact_estudiante_facultad_ibfk_2` FOREIGN KEY (`id_facultad`) REFERENCES `dim_facultad` (`id`),
  ADD CONSTRAINT `fact_estudiante_facultad_ibfk_3` FOREIGN KEY (`id_carrera`) REFERENCES `dim_carrera` (`id`),
  ADD CONSTRAINT `fact_estudiante_facultad_ibfk_4` FOREIGN KEY (`id_nacionalidad`) REFERENCES `dim_nacionalidad` (`id`),
  ADD CONSTRAINT `fact_estudiante_facultad_ibfk_5` FOREIGN KEY (`id_genero`) REFERENCES `dim_genero` (`id`),
  ADD CONSTRAINT `fact_estudiante_facultad_ibfk_6` FOREIGN KEY (`id_status`) REFERENCES `dim_status` (`id`),
  ADD CONSTRAINT `fact_estudiante_facultad_ibfk_7` FOREIGN KEY (`id_etnia`) REFERENCES `dim_etnia` (`id`),
  ADD CONSTRAINT `fact_estudiante_facultad_ibfk_8` FOREIGN KEY (`id_discapacidad`) REFERENCES `dim_discapacidad` (`id`),
  ADD CONSTRAINT `fact_estudiante_facultad_ibfk_9` FOREIGN KEY (`id_tipo_estudiante`) REFERENCES `dim_tipo_estudiante` (`id`);

--
-- Filtros para la tabla `user_role`
--
ALTER TABLE `user_role`
  ADD CONSTRAINT `user_role_ibfk_1` FOREIGN KEY (`id_user`) REFERENCES `user` (`id`),
  ADD CONSTRAINT `user_role_ibfk_2` FOREIGN KEY (`id_role`) REFERENCES `role` (`id`);
COMMIT;

/*!40101 SET CHARACTER_SET_CLIENT=@OLD_CHARACTER_SET_CLIENT */;
/*!40101 SET CHARACTER_SET_RESULTS=@OLD_CHARACTER_SET_RESULTS */;
/*!40101 SET COLLATION_CONNECTION=@OLD_COLLATION_CONNECTION */;
